SETTLEMENTDATE,TOTALDEMAND,RRP
2019-01-01 00:00:00,4286.24,71.49
2019-01-01 01:00:00,4092.6549999999997,73.45
2019-01-01 02:00:00,3822.12,69.42
2019-01-01 03:00:00,3645.6,63.474999999999994
2019-01-01 04:00:00,3593.035,50.535
2019-01-01 05:00:00,3609.7749999999996,47.395
2019-01-01 06:00:00,3635.8050000000003,50.135000000000005
2019-01-01 07:00:00,3640.955,45.7
2019-01-01 08:00:00,3627.865,47.485
2019-01-01 09:00:00,3632.115,54.315
2019-01-01 10:00:00,3682.13,58.685
2019-01-01 11:00:00,3768.16,68.35499999999999
2019-01-01 12:00:00,3877.41,83.97999999999999
2019-01-01 13:00:00,4003.3100000000004,88.395
2019-01-01 14:00:00,4215.495,90.27
2019-01-01 15:00:00,4474.01,88.43
2019-01-01 16:00:00,4776.045,103.805
2019-01-01 17:00:00,5012.72,90.495
2019-01-01 18:00:00,5033.26,117.58
2019-01-01 19:00:00,4844.155000000001,121.30000000000001
2019-01-01 20:00:00,4650.82,97.38
2019-01-01 21:00:00,4471.95,89.435
2019-01-01 22:00:00,4220.125,81.84
2019-01-01 23:00:00,4217.325,75.58500000000001
2019-01-05 00:00:00,4304.63,94.435
2019-01-05 01:00:00,3959.0699999999997,66.795
2019-01-05 02:00:00,3732.705,74.915
2019-01-05 03:00:00,3628.755,67.395
2019-01-05 04:00:00,3634.27,66.615
2019-01-05 05:00:00,3718.77,76.765
2019-01-05 06:00:00,3820.245,72.055
2019-01-05 07:00:00,3953.66,93.905
2019-01-05 08:00:00,4205.885,120.17
2019-01-05 09:00:00,4404.195,117.295
2019-01-05 10:00:00,4417.6849999999995,135.26
2019-01-05 11:00:00,4439.889999999999,85.525
2019-01-05 12:00:00,4308.75,117.11
2019-01-05 13:00:00,3915.84,57.69500000000001
2019-01-05 14:00:00,3705.475,28.05
2019-01-05 15:00:00,3754.75,46.41
2019-01-05 16:00:00,3911.895,37.870000000000005
2019-01-05 17:00:00,4062.055,71.6
2019-01-05 18:00:00,4195.43,76.41499999999999
2019-01-05 19:00:00,4317.155000000001,100.735
2019-01-05 20:00:00,4335.22,101.83
2019-01-05 21:00:00,4297.665,81.72
2019-01-05 22:00:00,4095.9449999999997,89.61000000000001
2019-01-05 23:00:00,4142.85,92.88
2019-01-06 00:00:00,4164.35,92.33
2019-01-06 01:00:00,3908.05,75.88
2019-01-06 02:00:00,3712.4049999999997,67.57
2019-01-06 03:00:00,3562.635,64.825
2019-01-06 04:00:00,3558.1800000000003,66.805
2019-01-06 05:00:00,3564.37,63.614999999999995
2019-01-06 06:00:00,3642.77,64.05499999999999
2019-01-06 07:00:00,3700.935,61.755
2019-01-06 08:00:00,3678.835,51.644999999999996
2019-01-06 09:00:00,3721.8050000000003,55.65
2019-01-06 10:00:00,3730.105,56.615
2019-01-06 11:00:00,3647.0,54.33
2019-01-06 12:00:00,3569.545,56.7
2019-01-06 13:00:00,3534.185,56.769999999999996
2019-01-06 14:00:00,3578.4449999999997,58.985
2019-01-06 15:00:00,3717.4750000000004,59.18
2019-01-06 16:00:00,4032.5299999999997,62.019999999999996
2019-01-06 17:00:00,4344.15,67.07499999999999
2019-01-06 18:00:00,4511.67,70.01
2019-01-06 19:00:00,4517.525,77.50999999999999
2019-01-06 20:00:00,4479.555,82.08000000000001
2019-01-06 21:00:00,4369.57,67.565
2019-01-06 22:00:00,4171.165,64.405
2019-01-06 23:00:00,4188.96,68.185
2019-01-12 00:00:00,4608.93,84.71000000000001
2019-01-12 01:00:00,4242.360000000001,48.015
2019-01-12 02:00:00,4035.21,55.01
2019-01-12 03:00:00,3942.705,63.16
2019-01-12 04:00:00,3952.0150000000003,58.635000000000005
2019-01-12 05:00:00,4027.955,63.97
2019-01-12 06:00:00,4157.96,64.595
2019-01-12 07:00:00,4353.5599999999995,95.255
2019-01-12 08:00:00,4518.280000000001,94.58
2019-01-12 09:00:00,4645.79,79.805
2019-01-12 10:00:00,4678.245,90.375
2019-01-12 11:00:00,4712.719999999999,88.155
2019-01-12 12:00:00,4804.955,94.475
2019-01-12 13:00:00,4800.299999999999,118.9
2019-01-12 14:00:00,4852.1849999999995,109.525
2019-01-12 15:00:00,4920.445,105.525
2019-01-12 16:00:00,5017.719999999999,113.28999999999999
2019-01-12 17:00:00,5013.84,98.63
2019-01-12 18:00:00,4988.1849999999995,105.375
2019-01-12 19:00:00,4803.715,143.005
2019-01-12 20:00:00,4661.525,104.75
2019-01-12 21:00:00,4472.23,93.05000000000001
2019-01-12 22:00:00,4236.55,63.18
2019-01-12 23:00:00,4181.58,63.6
2019-01-13 00:00:00,4125.235,58.010000000000005
2019-01-13 01:00:00,3755.77,59.285
2019-01-13 02:00:00,3517.7299999999996,54.325
2019-01-13 03:00:00,3367.04,57.14
2019-01-13 04:00:00,3320.69,55.55
2019-01-13 05:00:00,3369.2,50.74
2019-01-13 06:00:00,3409.215,52.92
2019-01-13 07:00:00,3496.41,53.19
2019-01-13 08:00:00,3481.14,42.989999999999995
2019-01-13 09:00:00,3658.42,13.280000000000001
2019-01-13 10:00:00,3680.19,8.95
2019-01-13 11:00:00,3775.93,15.715
2019-01-13 12:00:00,3923.985,53.644999999999996
2019-01-13 13:00:00,4069.92,53.525000000000006
2019-01-13 14:00:00,4360.695,57.26
2019-01-13 15:00:00,4723.095,78.63
2019-01-13 16:00:00,5171.395,106.94
2019-01-13 17:00:00,5595.96,118.535
2019-01-13 18:00:00,5850.91,123.315
2019-01-13 19:00:00,5629.27,129.275
2019-01-13 20:00:00,5345.45,119.87
2019-01-13 21:00:00,5039.950000000001,112.76
2019-01-13 22:00:00,4639.505,90.86
2019-01-13 23:00:00,4546.135,100.705
2019-01-19 00:00:00,4487.115,105.06
2019-01-19 01:00:00,4190.445,77.64
2019-01-19 02:00:00,3972.0950000000003,74.33500000000001
2019-01-19 03:00:00,3853.465,67.89
2019-01-19 04:00:00,3825.435,67.97999999999999
2019-01-19 05:00:00,3947.2749999999996,70.265
2019-01-19 06:00:00,4119.545,85.485
2019-01-19 07:00:00,4255.195,75.685
2019-01-19 08:00:00,4282.530000000001,72.97
2019-01-19 09:00:00,4239.475,98.305
2019-01-19 10:00:00,4201.775,91.705
2019-01-19 11:00:00,4092.02,85.15
2019-01-19 12:00:00,4024.67,81.905
2019-01-19 13:00:00,3974.3199999999997,78.43
2019-01-19 14:00:00,3980.84,69.495
2019-01-19 15:00:00,4152.42,72.47
2019-01-19 16:00:00,4424.23,74.53999999999999
2019-01-19 17:00:00,4626.465,75.28999999999999
2019-01-19 18:00:00,4761.555,98.68
2019-01-19 19:00:00,4716.225,95.56
2019-01-19 20:00:00,4594.629999999999,79.025
2019-01-19 21:00:00,4448.105,78.16
2019-01-19 22:00:00,4253.674999999999,71.205
2019-01-19 23:00:00,4268.945,82.47
2019-01-20 00:00:00,4235.895,96.685
2019-01-20 01:00:00,3960.41,54.730000000000004
2019-01-20 02:00:00,3707.23,44.805
2019-01-20 03:00:00,3612.58,48.875
2019-01-20 04:00:00,3616.29,41.555
2019-01-20 05:00:00,3677.4049999999997,39.415
2019-01-20 06:00:00,3759.66,53.54
2019-01-20 07:00:00,3888.9049999999997,59.89
2019-01-20 08:00:00,3948.44,68.955
2019-01-20 09:00:00,3950.075,59.405
2019-01-20 10:00:00,4007.43,61.56
2019-01-20 11:00:00,4081.73,71.995
2019-01-20 12:00:00,4129.549999999999,82.92
2019-01-20 13:00:00,4127.1900000000005,80.17
2019-01-20 14:00:00,4178.355,70.995
2019-01-20 15:00:00,4458.945,81.075
2019-01-20 16:00:00,4804.16,101.54
2019-01-20 17:00:00,5123.015,107.485
2019-01-20 18:00:00,5271.17,126.94
2019-01-20 19:00:00,5123.62,116.42500000000001
2019-01-20 20:00:00,4976.885,141.63
2019-01-20 21:00:00,4728.725,137.85000000000002
2019-01-20 22:00:00,4450.1900000000005,121.72
2019-01-20 23:00:00,4465.275,128.61
2019-01-26 00:00:00,4832.16,225.66500000000002
2019-01-26 01:00:00,4439.26,186.38
2019-01-26 02:00:00,4244.424999999999,196.44
2019-01-26 03:00:00,4158.925,223.17
2019-01-26 04:00:00,4188.665,275.245
2019-01-26 05:00:00,4281.52,277.33
2019-01-26 06:00:00,4383.355,210.515
2019-01-26 07:00:00,4475.425,153.175
2019-01-26 08:00:00,4640.05,155.245
2019-01-26 09:00:00,4711.860000000001,164.35
2019-01-26 10:00:00,4709.58,145.66
2019-01-26 11:00:00,4688.77,145.72
2019-01-26 12:00:00,4772.475,118.11
2019-01-26 13:00:00,4834.665,148.63
2019-01-26 14:00:00,4975.9,127.42000000000002
2019-01-26 15:00:00,5266.3099999999995,166.825
2019-01-26 16:00:00,5592.24,177.025
2019-01-26 17:00:00,5755.805,181.68
2019-01-26 18:00:00,5684.965,118.63
2019-01-26 19:00:00,5346.505,115.53999999999999
2019-01-26 20:00:00,5072.805,112.64
2019-01-26 21:00:00,4820.255,150.0
2019-01-26 22:00:00,4525.465,105.24000000000001
2019-01-26 23:00:00,4417.280000000001,92.555
2019-01-27 00:00:00,4357.115,132.54000000000002
2019-01-27 01:00:00,4094.255,80.705
2019-01-27 02:00:00,3915.91,81.975
2019-01-27 03:00:00,3825.075,74.83000000000001
2019-01-27 04:00:00,3807.495,76.41499999999999
2019-01-27 05:00:00,3882.79,87.83000000000001
2019-01-27 06:00:00,3920.235,93.95
2019-01-27 07:00:00,3986.41,110.37
2019-01-27 08:00:00,3992.79,89.155
2019-01-27 09:00:00,3936.335,81.96000000000001
2019-01-27 10:00:00,3927.545,78.38499999999999
2019-01-27 11:00:00,3886.95,80.5
2019-01-27 12:00:00,3945.8900000000003,85.485
2019-01-27 13:00:00,3858.405,36.66
2019-01-27 14:00:00,3965.2799999999997,28.840000000000003
2019-01-27 15:00:00,4198.145,69.28
2019-01-27 16:00:00,4501.555,83.57
2019-01-27 17:00:00,4715.79,94.055
2019-01-27 18:00:00,4754.37,92.85
2019-01-27 19:00:00,4651.135,101.76
2019-01-27 20:00:00,4597.985000000001,107.0
2019-01-27 21:00:00,4480.13,100.41
2019-01-27 22:00:00,4309.485000000001,95.94
2019-01-27 23:00:00,4290.5,90.455
2019-01-28 00:00:00,4250.77,95.16499999999999
2019-01-28 01:00:00,3975.92,78.53
2019-01-28 02:00:00,3730.67,86.6
2019-01-28 03:00:00,3647.56,78.99000000000001
2019-01-28 04:00:00,3653.49,80.79499999999999
2019-01-28 05:00:00,3782.3199999999997,82.05
2019-01-28 06:00:00,3908.115,78.445
2019-01-28 07:00:00,4030.9049999999997,88.9
2019-01-28 08:00:00,4083.0699999999997,98.19
2019-01-28 09:00:00,4116.035,83.44
2019-01-28 10:00:00,4138.08,93.25
2019-01-28 11:00:00,4217.92,110.475
2019-01-28 12:00:00,4387.575,110.305
2019-01-28 13:00:00,4653.09,133.015
2019-01-28 14:00:00,5070.945,163.23000000000002
2019-01-28 15:00:00,5532.43,190.58499999999998
2019-01-28 16:00:00,6035.205,281.15
2019-01-28 17:00:00,6312.26,290.0
2019-01-28 18:00:00,6333.375,290.83500000000004
2019-01-28 19:00:00,6077.6900000000005,250.60999999999999
2019-01-28 20:00:00,5680.355,153.32
2019-01-28 21:00:00,5255.92,123.63
2019-01-28 22:00:00,4769.155000000001,111.97
2019-01-28 23:00:00,4731.775,174.625
2019-02-02 00:00:00,4289.34,175.305
2019-02-02 01:00:00,4072.46,152.905
2019-02-02 02:00:00,3867.46,136.265
2019-02-02 03:00:00,3712.575,148.075
2019-02-02 04:00:00,3758.99,186.5
2019-02-02 05:00:00,3879.685,164.20499999999998
2019-02-02 06:00:00,4038.835,166.925
2019-02-02 07:00:00,4170.38,158.1
2019-02-02 08:00:00,4247.71,147.08999999999997
2019-02-02 09:00:00,4303.955,144.375
2019-02-02 10:00:00,4469.639999999999,155.43
2019-02-02 11:00:00,4710.36,145.0
2019-02-02 12:00:00,5000.85,229.84000000000003
2019-02-02 13:00:00,5378.07,281.685
2019-02-02 14:00:00,5893.25,297.92499999999995
2019-02-02 15:00:00,6430.15,285.53999999999996
2019-02-02 16:00:00,6930.465,253.64499999999998
2019-02-02 17:00:00,7267.075,180.51
2019-02-02 18:00:00,7333.825000000001,324.61
2019-02-02 19:00:00,7056.675,934.78
2019-02-02 20:00:00,6704.549999999999,114.81
2019-02-02 21:00:00,6247.445,145.10000000000002
2019-02-02 22:00:00,5634.715,272.33
2019-02-02 23:00:00,5350.605,160.02499999999998
2019-02-03 00:00:00,5084.545,174.43
2019-02-03 01:00:00,4643.775,129.35
2019-02-03 02:00:00,4310.825,136.745
2019-02-03 03:00:00,4160.355,129.0
2019-02-03 04:00:00,4058.23,135.81
2019-02-03 05:00:00,4071.925,123.2
2019-02-03 06:00:00,4144.23,110.43
2019-02-03 07:00:00,4378.924999999999,117.845
2019-02-03 08:00:00,4745.975,213.505
2019-02-03 09:00:00,5189.65,276.94
2019-02-03 10:00:00,5702.88,279.535
2019-02-03 11:00:00,6220.23,269.52
2019-02-03 12:00:00,6548.834999999999,276.115
2019-02-03 13:00:00,6948.655000000001,203.305
2019-02-03 14:00:00,7290.415,165.285
2019-02-03 15:00:00,7433.095,127.945
2019-02-03 16:00:00,7396.39,253.56
2019-02-03 17:00:00,7382.285,288.33500000000004
2019-02-03 18:00:00,6894.99,130.68
2019-02-03 19:00:00,6217.605,166.77
2019-02-03 20:00:00,5778.4400000000005,219.73000000000002
2019-02-03 21:00:00,5287.344999999999,142.52499999999998
2019-02-03 22:00:00,4768.965,131.285
2019-02-03 23:00:00,4629.02,125.555
2019-02-09 00:00:00,4335.344999999999,72.19
2019-02-09 01:00:00,4067.235,67.51
2019-02-09 02:00:00,3786.1099999999997,59.7
2019-02-09 03:00:00,3645.0,18.66
2019-02-09 04:00:00,3668.17,13.274999999999999
2019-02-09 05:00:00,3706.3,18.689999999999998
2019-02-09 06:00:00,3838.455,54.1
2019-02-09 07:00:00,3986.615,69.785
2019-02-09 08:00:00,4106.995,79.225
2019-02-09 09:00:00,4263.175,75.055
2019-02-09 10:00:00,4242.889999999999,37.324999999999996
2019-02-09 11:00:00,3980.3599999999997,-15.615000000000002
2019-02-09 12:00:00,3914.52,0.9049999999999994
2019-02-09 13:00:00,3733.215,3.45
2019-02-09 14:00:00,3591.9449999999997,-24.325
2019-02-09 15:00:00,3641.605,-8.05
2019-02-09 16:00:00,3781.41,1.31
2019-02-09 17:00:00,4025.0649999999996,15.11
2019-02-09 18:00:00,4253.85,56.295
2019-02-09 19:00:00,4280.125,77.465
2019-02-09 20:00:00,4359.16,93.185
2019-02-09 21:00:00,4244.915,83.565
2019-02-09 22:00:00,4078.77,78.625
2019-02-09 23:00:00,4137.54,89.595
2019-02-10 00:00:00,4167.54,94.9
2019-02-10 01:00:00,3915.185,66.765
2019-02-10 02:00:00,3654.24,63.225
2019-02-10 03:00:00,3518.985,69.56
2019-02-10 04:00:00,3518.7250000000004,80.2
2019-02-10 05:00:00,3545.55,78.365
2019-02-10 06:00:00,3648.065,82.575
2019-02-10 07:00:00,3832.045,83.075
2019-02-10 08:00:00,3870.9849999999997,71.495
2019-02-10 09:00:00,3890.355,74.075
2019-02-10 10:00:00,3816.005,67.65
2019-02-10 11:00:00,3702.0699999999997,67.06
2019-02-10 12:00:00,3534.25,64.935
2019-02-10 13:00:00,3479.0299999999997,56.145
2019-02-10 14:00:00,3530.185,56.88
2019-02-10 15:00:00,3718.375,64.63499999999999
2019-02-10 16:00:00,4087.035,81.805
2019-02-10 17:00:00,4444.695,104.08000000000001
2019-02-10 18:00:00,4674.76,101.03999999999999
2019-02-10 19:00:00,4643.5599999999995,134.14
2019-02-10 20:00:00,4664.85,133.915
2019-02-10 21:00:00,4461.155000000001,109.64
2019-02-10 22:00:00,4233.1849999999995,107.58000000000001
2019-02-10 23:00:00,4235.89,112.415
2019-02-16 00:00:00,4485.175,152.77
2019-02-16 01:00:00,4164.585,135.57999999999998
2019-02-16 02:00:00,3934.305,97.735
2019-02-16 03:00:00,3831.605,105.47999999999999
2019-02-16 04:00:00,3857.46,155.745
2019-02-16 05:00:00,3970.375,182.15
2019-02-16 06:00:00,4193.514999999999,168.285
2019-02-16 07:00:00,4425.299999999999,183.69
2019-02-16 08:00:00,4483.33,129.01
2019-02-16 09:00:00,4366.74,73.14500000000001
2019-02-16 10:00:00,4327.360000000001,87.3
2019-02-16 11:00:00,4297.505,84.69
2019-02-16 12:00:00,4234.85,75.46000000000001
2019-02-16 13:00:00,4288.915,88.095
2019-02-16 14:00:00,4407.215,84.94
2019-02-16 15:00:00,4663.915,121.995
2019-02-16 16:00:00,4951.6849999999995,127.78
2019-02-16 17:00:00,5140.43,135.22
2019-02-16 18:00:00,5179.405000000001,166.89499999999998
2019-02-16 19:00:00,4941.725,137.465
2019-02-16 20:00:00,4859.725,145.38
2019-02-16 21:00:00,4636.344999999999,126.97
2019-02-16 22:00:00,4407.35,122.05
2019-02-16 23:00:00,4418.42,157.905
2019-02-17 00:00:00,4404.525,195.685
2019-02-17 01:00:00,4074.6549999999997,159.75
2019-02-17 02:00:00,3858.325,85.88499999999999
2019-02-17 03:00:00,3764.46,110.97999999999999
2019-02-17 04:00:00,3782.215,70.9
2019-02-17 05:00:00,3843.3,69.58500000000001
2019-02-17 06:00:00,3954.56,68.43
2019-02-17 07:00:00,4031.1800000000003,69.625
2019-02-17 08:00:00,4056.0950000000003,55.89
2019-02-17 09:00:00,4113.395,72.28999999999999
2019-02-17 10:00:00,4120.0,109.595
2019-02-17 11:00:00,4241.32,88.155
2019-02-17 12:00:00,4432.395,96.435
2019-02-17 13:00:00,4611.525,119.495
2019-02-17 14:00:00,4773.365,111.32
2019-02-17 15:00:00,4970.745,116.875
2019-02-17 16:00:00,5299.88,139.885
2019-02-17 17:00:00,5602.215,142.28
2019-02-17 18:00:00,5611.38,118.94
2019-02-17 19:00:00,5458.365,131.55
2019-02-17 20:00:00,5363.57,166.305
2019-02-17 21:00:00,4991.504999999999,121.66
2019-02-17 22:00:00,4609.855,80.22
2019-02-17 23:00:00,4502.094999999999,86.68
2019-02-23 00:00:00,4291.665,98.435
2019-02-23 01:00:00,4030.0200000000004,69.81
2019-02-23 02:00:00,3851.925,61.489999999999995
2019-02-23 03:00:00,3723.7250000000004,58.78
2019-02-23 04:00:00,3700.4,58.375
2019-02-23 05:00:00,3831.715,64.75999999999999
2019-02-23 06:00:00,3980.335,73.515
2019-02-23 07:00:00,4166.969999999999,83.61
2019-02-23 08:00:00,4174.025,57.864999999999995
2019-02-23 09:00:00,4084.4,62.63
2019-02-23 10:00:00,4002.825,56.115
2019-02-23 11:00:00,3907.38,49.905
2019-02-23 12:00:00,3865.65,51.57
2019-02-23 13:00:00,3875.635,52.269999999999996
2019-02-23 14:00:00,3969.815,53.489999999999995
2019-02-23 15:00:00,4157.094999999999,65.515
2019-02-23 16:00:00,4463.219999999999,70.655
2019-02-23 17:00:00,4721.275,111.98
2019-02-23 18:00:00,4835.344999999999,118.58000000000001
2019-02-23 19:00:00,4815.64,132.86
2019-02-23 20:00:00,4695.085,111.19
2019-02-23 21:00:00,4422.075000000001,93.215
2019-02-23 22:00:00,4179.615,91.75
2019-02-23 23:00:00,4144.415,59.72
2019-02-24 00:00:00,4163.93,109.88
2019-02-24 01:00:00,3934.2799999999997,62.375
2019-02-24 02:00:00,3715.7799999999997,62.09
2019-02-24 03:00:00,3544.23,35.864999999999995
2019-02-24 04:00:00,3496.125,36.495000000000005
2019-02-24 05:00:00,3569.185,44.93
2019-02-24 06:00:00,3648.1949999999997,56.605000000000004
2019-02-24 07:00:00,3753.215,53.485
2019-02-24 08:00:00,3763.33,45.099999999999994
2019-02-24 09:00:00,3809.545,48.665
2019-02-24 10:00:00,3830.895,27.155
2019-02-24 11:00:00,3950.16,40.685
2019-02-24 12:00:00,4091.725,37.38
2019-02-24 13:00:00,4319.255,100.52000000000001
2019-02-24 14:00:00,4652.28,108.91
2019-02-24 15:00:00,5095.405000000001,129.91
2019-02-24 16:00:00,5610.1849999999995,132.465
2019-02-24 17:00:00,6050.8,123.815
2019-02-24 18:00:00,6212.77,153.745
2019-02-24 19:00:00,5874.535,119.85
2019-02-24 20:00:00,5557.11,113.25999999999999
2019-02-24 21:00:00,5065.2,98.655
2019-02-24 22:00:00,4616.845,89.50999999999999
2019-02-24 23:00:00,4552.885,107.17
2019-03-02 00:00:00,5411.005,94.56
2019-03-02 01:00:00,4965.515,41.525
2019-03-02 02:00:00,4617.165,25.255000000000003
2019-03-02 03:00:00,4409.775,26.425
2019-03-02 04:00:00,4355.014999999999,26.405
2019-03-02 05:00:00,4466.14,31.625
2019-03-02 06:00:00,4659.96,34.480000000000004
2019-03-02 07:00:00,4931.9349999999995,51.06
2019-03-02 08:00:00,5221.805,90.11
2019-03-02 09:00:00,5489.585,104.985
2019-03-02 10:00:00,5833.715,106.37
2019-03-02 11:00:00,6121.215,119.57
2019-03-02 12:00:00,6420.755,111.0
2019-03-02 13:00:00,6788.01,139.965
2019-03-02 14:00:00,7225.24,149.39
2019-03-02 15:00:00,7620.79,223.38
2019-03-02 16:00:00,8056.5599999999995,191.98000000000002
2019-03-02 17:00:00,8283.259999999998,239.595
2019-03-02 18:00:00,8292.369999999999,286.935
2019-03-02 19:00:00,7798.25,216.64499999999998
2019-03-02 20:00:00,7298.95,134.79000000000002
2019-03-02 21:00:00,6560.365,127.505
2019-03-02 22:00:00,5920.415,110.75
2019-03-02 23:00:00,5517.32,151.17000000000002
2019-03-03 00:00:00,5250.8099999999995,176.39999999999998
2019-03-03 01:00:00,4763.375,112.86000000000001
2019-03-03 02:00:00,4409.27,106.03
2019-03-03 03:00:00,4277.01,134.135
2019-03-03 04:00:00,4191.6,109.39
2019-03-03 05:00:00,4276.030000000001,104.12
2019-03-03 06:00:00,4442.115,111.455
2019-03-03 07:00:00,4632.21,44.135000000000005
2019-03-03 08:00:00,4873.79,70.78999999999999
2019-03-03 09:00:00,5308.55,129.44
2019-03-03 10:00:00,5716.3150000000005,99.805
2019-03-03 11:00:00,6161.93,137.83499999999998
2019-03-03 12:00:00,6607.665,154.145
2019-03-03 13:00:00,7034.72,187.11
2019-03-03 14:00:00,7431.285,174.26
2019-03-03 15:00:00,7684.68,255.49
2019-03-03 16:00:00,7798.115,268.735
2019-03-03 17:00:00,7751.775,241.82999999999998
2019-03-03 18:00:00,7559.89,213.43
2019-03-03 19:00:00,6776.745,130.43
2019-03-03 20:00:00,6144.555,111.595
2019-03-03 21:00:00,5531.6,132.745
2019-03-03 22:00:00,5061.6900000000005,125.61500000000001
2019-03-03 23:00:00,4911.965,126.16499999999999
2019-03-09 00:00:00,4496.969999999999,109.78
2019-03-09 01:00:00,4209.91,89.78999999999999
2019-03-09 02:00:00,4001.25,98.08
2019-03-09 03:00:00,3885.9,99.28
2019-03-09 04:00:00,3887.52,97.595
2019-03-09 05:00:00,4032.62,84.285
2019-03-09 06:00:00,4249.8,101.825
2019-03-09 07:00:00,4406.68,113.46000000000001
2019-03-09 08:00:00,4479.805,95.985
2019-03-09 09:00:00,4421.07,85.995
2019-03-09 10:00:00,4381.955,83.875
2019-03-09 11:00:00,4297.3,76.275
2019-03-09 12:00:00,4298.285,61.68
2019-03-09 13:00:00,4357.75,67.83
2019-03-09 14:00:00,4400.88,71.075
2019-03-09 15:00:00,4570.88,57.489999999999995
2019-03-09 16:00:00,4851.59,73.985
2019-03-09 17:00:00,5084.02,100.555
2019-03-09 18:00:00,5057.275,101.345
2019-03-09 19:00:00,4995.014999999999,128.04500000000002
2019-03-09 20:00:00,4894.75,131.42
2019-03-09 21:00:00,4613.004999999999,126.645
2019-03-09 22:00:00,4475.995,101.07
2019-03-09 23:00:00,4504.71,113.075
2019-03-10 00:00:00,4494.325000000001,107.58
2019-03-10 01:00:00,4187.575000000001,100.91499999999999
2019-03-10 02:00:00,3979.76,79.155
2019-03-10 03:00:00,3872.335,75.485
2019-03-10 04:00:00,3845.105,69.765
2019-03-10 05:00:00,3843.95,72.375
2019-03-10 06:00:00,3927.365,64.345
2019-03-10 07:00:00,4007.5699999999997,57.82
2019-03-10 08:00:00,4146.49,66.97500000000001
2019-03-10 09:00:00,4266.035,58.035
2019-03-10 10:00:00,4251.0,47.745
2019-03-10 11:00:00,4346.475,38.425
2019-03-10 12:00:00,4268.235000000001,32.72
2019-03-10 13:00:00,4450.0,53.875
2019-03-10 14:00:00,4499.01,72.84
2019-03-10 15:00:00,4304.889999999999,66.87
2019-03-10 16:00:00,4118.455,44.21
2019-03-10 17:00:00,4369.255,92.68
2019-03-10 18:00:00,4538.945,91.86500000000001
2019-03-10 19:00:00,4633.095,108.175
2019-03-10 20:00:00,4588.93,98.69999999999999
2019-03-10 21:00:00,4449.889999999999,92.83
2019-03-10 22:00:00,4286.514999999999,88.595
2019-03-10 23:00:00,4318.85,92.34
2019-03-11 00:00:00,4321.785,99.94
2019-03-11 01:00:00,4101.66,69.095
2019-03-11 02:00:00,3967.8050000000003,79.67500000000001
2019-03-11 03:00:00,3810.6850000000004,76.82499999999999
2019-03-11 04:00:00,3828.0600000000004,78.89500000000001
2019-03-11 05:00:00,3967.345,80.82499999999999
2019-03-11 06:00:00,4108.005,91.565
2019-03-11 07:00:00,4227.485000000001,100.29
2019-03-11 08:00:00,4273.075000000001,85.89500000000001
2019-03-11 09:00:00,4309.1,90.175
2019-03-11 10:00:00,4323.035,84.66
2019-03-11 11:00:00,4327.155000000001,87.095
2019-03-11 12:00:00,4294.015,75.055
2019-03-11 13:00:00,4268.889999999999,66.35
2019-03-11 14:00:00,4232.505,69.30000000000001
2019-03-11 15:00:00,4320.335,38.57
2019-03-11 16:00:00,4599.75,76.70500000000001
2019-03-11 17:00:00,4787.43,93.945
2019-03-11 18:00:00,4781.549999999999,97.56
2019-03-11 19:00:00,4783.8150000000005,97.32499999999999
2019-03-11 20:00:00,4664.0599999999995,89.525
2019-03-11 21:00:00,4416.755,79.775
2019-03-11 22:00:00,4219.375,71.57
2019-03-11 23:00:00,4285.405000000001,67.64
2019-03-16 00:00:00,4325.299999999999,73.755
2019-03-16 01:00:00,4036.4700000000003,57.985
2019-03-16 02:00:00,3822.66,56.885000000000005
2019-03-16 03:00:00,3726.565,54.59
2019-03-16 04:00:00,3804.3450000000003,56.760000000000005
2019-03-16 05:00:00,3977.3500000000004,52.415
2019-03-16 06:00:00,4251.295,75.325
2019-03-16 07:00:00,4435.67,103.815
2019-03-16 08:00:00,4417.23,91.08
2019-03-16 09:00:00,4311.514999999999,86.37
2019-03-16 10:00:00,4169.71,76.235
2019-03-16 11:00:00,4106.335,76.66999999999999
2019-03-16 12:00:00,4124.075,76.84
2019-03-16 13:00:00,4194.790000000001,78.465
2019-03-16 14:00:00,4320.110000000001,76.94
2019-03-16 15:00:00,4572.67,100.49000000000001
2019-03-16 16:00:00,4886.135,122.66
2019-03-16 17:00:00,5101.629999999999,129.76999999999998
2019-03-16 18:00:00,5139.705,130.47500000000002
2019-03-16 19:00:00,5030.16,153.36
2019-03-16 20:00:00,4866.805,124.97999999999999
2019-03-16 21:00:00,4649.360000000001,124.92999999999999
2019-03-16 22:00:00,4413.635,123.34
2019-03-16 23:00:00,4435.96,123.62
2019-03-17 00:00:00,4390.245,142.175
2019-03-17 01:00:00,4128.115,93.615
2019-03-17 02:00:00,3922.255,104.285
2019-03-17 03:00:00,3782.48,115.82
2019-03-17 04:00:00,3748.055,97.58000000000001
2019-03-17 05:00:00,3870.93,72.57499999999999
2019-03-17 06:00:00,4036.62,78.66499999999999
2019-03-17 07:00:00,4088.695,97.945
2019-03-17 08:00:00,4162.73,95.685
2019-03-17 09:00:00,4130.445,107.66499999999999
2019-03-17 10:00:00,4091.2250000000004,84.845
2019-03-17 11:00:00,4182.3150000000005,81.1
2019-03-17 12:00:00,4245.97,81.99000000000001
2019-03-17 13:00:00,4368.235,82.505
2019-03-17 14:00:00,4493.705,114.63
2019-03-17 15:00:00,4742.34,123.38
2019-03-17 16:00:00,5037.174999999999,127.495
2019-03-17 17:00:00,5364.04,133.53
2019-03-17 18:00:00,5360.335,124.015
2019-03-17 19:00:00,5239.52,116.235
2019-03-17 20:00:00,4965.29,91.18
2019-03-17 21:00:00,4641.49,100.58000000000001
2019-03-17 22:00:00,4341.545,100.555
2019-03-17 23:00:00,4335.29,99.00999999999999
2019-03-23 00:00:00,4485.360000000001,81.9
2019-03-23 01:00:00,4221.825000000001,76.2
2019-03-23 02:00:00,4022.92,71.02000000000001
2019-03-23 03:00:00,3796.1400000000003,58.480000000000004
2019-03-23 04:00:00,3814.1800000000003,73.59
2019-03-23 05:00:00,3990.58,73.755
2019-03-23 06:00:00,4264.5,85.32499999999999
2019-03-23 07:00:00,4456.6,104.53
2019-03-23 08:00:00,4589.1900000000005,136.275
2019-03-23 09:00:00,4708.73,116.25
2019-03-23 10:00:00,4590.035,87.18
2019-03-23 11:00:00,4335.0,62.46
2019-03-23 12:00:00,4243.805,65.85
2019-03-23 13:00:00,4368.299999999999,84.89
2019-03-23 14:00:00,4658.1900000000005,100.435
2019-03-23 15:00:00,4976.93,132.385
2019-03-23 16:00:00,5453.4349999999995,123.86
2019-03-23 17:00:00,5475.24,148.075
2019-03-23 18:00:00,5200.07,110.03
2019-03-23 19:00:00,5134.96,111.35
2019-03-23 20:00:00,4885.04,111.95500000000001
2019-03-23 21:00:00,4617.115,105.48
2019-03-23 22:00:00,4421.99,90.74000000000001
2019-03-23 23:00:00,4437.515,114.625
2019-03-24 00:00:00,4405.65,103.68
2019-03-24 01:00:00,4090.795,99.535
2019-03-24 02:00:00,3863.64,111.32499999999999
2019-03-24 03:00:00,3775.76,112.67500000000001
2019-03-24 04:00:00,3770.745,111.28
2019-03-24 05:00:00,3851.75,113.5
2019-03-24 06:00:00,4009.8,121.10499999999999
2019-03-24 07:00:00,4125.094999999999,115.985
2019-03-24 08:00:00,4150.764999999999,107.205
2019-03-24 09:00:00,4154.005,103.86
2019-03-24 10:00:00,4109.055,84.12
2019-03-24 11:00:00,4108.66,77.225
2019-03-24 12:00:00,4121.825000000001,60.97
2019-03-24 13:00:00,4258.34,79.9
2019-03-24 14:00:00,4552.4,96.96000000000001
2019-03-24 15:00:00,4872.415,107.295
2019-03-24 16:00:00,5016.16,115.28
2019-03-24 17:00:00,5169.57,125.31
2019-03-24 18:00:00,5076.4349999999995,111.44
2019-03-24 19:00:00,5012.79,107.44999999999999
2019-03-24 20:00:00,4730.35,95.775
2019-03-24 21:00:00,4475.8,72.82
2019-03-24 22:00:00,4260.66,56.4
2019-03-24 23:00:00,4264.365,49.685
2019-03-30 00:00:00,4178.33,100.535
2019-03-30 01:00:00,3870.75,84.18
2019-03-30 02:00:00,3573.4300000000003,76.16
2019-03-30 03:00:00,3418.8,81.155
2019-03-30 04:00:00,3438.255,65.975
2019-03-30 05:00:00,3570.55,49.3
2019-03-30 06:00:00,3926.065,90.905
2019-03-30 07:00:00,4264.09,106.63
2019-03-30 08:00:00,4498.68,116.2
2019-03-30 09:00:00,4572.1849999999995,104.505
2019-03-30 10:00:00,4473.799999999999,72.32
2019-03-30 11:00:00,4414.98,63.575
2019-03-30 12:00:00,4235.52,65.12
2019-03-30 13:00:00,4130.325,52.875
2019-03-30 14:00:00,4018.085,41.980000000000004
2019-03-30 15:00:00,4091.71,58.995000000000005
2019-03-30 16:00:00,4405.365,76.445
2019-03-30 17:00:00,4687.96,88.22999999999999
2019-03-30 18:00:00,4898.549999999999,116.095
2019-03-30 19:00:00,4938.35,112.31
2019-03-30 20:00:00,4726.325,105.81
2019-03-30 21:00:00,4457.665,109.64500000000001
2019-03-30 22:00:00,4236.82,93.695
2019-03-30 23:00:00,4236.0650000000005,79.955
2019-03-31 00:00:00,4203.135,90.83500000000001
2019-03-31 01:00:00,3979.3450000000003,67.81
2019-03-31 02:00:00,3710.5299999999997,67.44999999999999
2019-03-31 03:00:00,3524.2650000000003,61.995
2019-03-31 04:00:00,3431.11,33.935
2019-03-31 05:00:00,3530.935,45.155
2019-03-31 06:00:00,3802.8599999999997,70.285
2019-03-31 07:00:00,4011.055,109.075
2019-03-31 08:00:00,4167.695,112.57
2019-03-31 09:00:00,4183.27,96.94
2019-03-31 10:00:00,4222.405000000001,94.72
2019-03-31 11:00:00,4269.345,100.905
2019-03-31 12:00:00,4161.76,76.99000000000001
2019-03-31 13:00:00,4101.16,79.7
2019-03-31 14:00:00,4188.9400000000005,94.18
2019-03-31 15:00:00,4395.495,78.005
2019-03-31 16:00:00,4563.04,103.785
2019-03-31 17:00:00,4864.92,121.9
2019-03-31 18:00:00,5004.965,128.14
2019-03-31 19:00:00,4993.105,127.625
2019-03-31 20:00:00,4769.265,115.08
2019-03-31 21:00:00,4511.605,113.15
2019-03-31 22:00:00,4252.459999999999,104.47
2019-03-31 23:00:00,4277.17,116.12
2019-04-06 00:00:00,4441.985000000001,89.72
2019-04-06 01:00:00,4077.35,74.50999999999999
2019-04-06 02:00:00,3832.915,65.23
2019-04-06 03:00:00,3671.99,44.165
2019-04-06 04:00:00,3609.63,59.54
2019-04-06 05:00:00,3781.0,65.60499999999999
2019-04-06 06:00:00,4113.525,109.74
2019-04-06 07:00:00,4331.5599999999995,124.97999999999999
2019-04-06 08:00:00,4432.094999999999,116.22999999999999
2019-04-06 09:00:00,4396.545,106.785
2019-04-06 10:00:00,4337.035,98.72999999999999
2019-04-06 11:00:00,4271.61,104.67
2019-04-06 12:00:00,4119.835,95.89500000000001
2019-04-06 13:00:00,4066.435,101.96
2019-04-06 14:00:00,4046.7799999999997,101.905
2019-04-06 15:00:00,4158.0599999999995,99.16499999999999
2019-04-06 16:00:00,4408.700000000001,106.755
2019-04-06 17:00:00,4655.6900000000005,148.8
2019-04-06 18:00:00,4811.76,146.275
2019-04-06 19:00:00,4850.200000000001,121.08
2019-04-06 20:00:00,4650.389999999999,115.725
2019-04-06 21:00:00,4498.97,116.14
2019-04-06 22:00:00,4304.435,112.97
2019-04-06 23:00:00,4361.15,112.215
2019-04-07 00:00:00,4403.23,115.03
2019-04-07 01:00:00,4103.530000000001,116.31
2019-04-07 02:00:00,3789.4049999999997,125.605
2019-04-07 03:00:00,3603.065,113.32
2019-04-07 04:00:00,3568.535,101.07
2019-04-07 05:00:00,3561.8599999999997,90.905
2019-04-07 06:00:00,3627.49,84.82
2019-04-07 07:00:00,3750.815,113.155
2019-04-07 08:00:00,3848.535,104.66
2019-04-07 09:00:00,3782.1949999999997,83.265
2019-04-07 10:00:00,3592.8450000000003,47.565
2019-04-07 11:00:00,3405.6400000000003,17.73
2019-04-07 12:00:00,3273.9399999999996,13.585
2019-04-07 13:00:00,3261.84,-2.905
2019-04-07 14:00:00,3384.2200000000003,18.665
2019-04-07 15:00:00,3620.24,34.56
2019-04-07 16:00:00,4037.6549999999997,82.555
2019-04-07 17:00:00,4385.15,112.53
2019-04-07 18:00:00,4648.735000000001,114.845
2019-04-07 19:00:00,4761.0,108.06
2019-04-07 20:00:00,4520.780000000001,99.14500000000001
2019-04-07 21:00:00,4297.66,100.505
2019-04-07 22:00:00,4169.9349999999995,108.715
2019-04-07 23:00:00,4192.125,108.42
2019-04-13 00:00:00,4728.845,116.425
2019-04-13 01:00:00,4382.48,119.495
2019-04-13 02:00:00,4096.54,115.47
2019-04-13 03:00:00,3928.6850000000004,117.735
2019-04-13 04:00:00,3869.665,120.045
2019-04-13 05:00:00,3875.225,122.935
2019-04-13 06:00:00,4068.215,113.755
2019-04-13 07:00:00,4305.595,114.41499999999999
2019-04-13 08:00:00,4558.61,127.63
2019-04-13 09:00:00,4735.69,161.825
2019-04-13 10:00:00,4649.389999999999,125.05
2019-04-13 11:00:00,4577.395,127.025
2019-04-13 12:00:00,4353.08,112.78999999999999
2019-04-13 13:00:00,4252.094999999999,115.61
2019-04-13 14:00:00,4157.54,95.81
2019-04-13 15:00:00,4220.105,94.04499999999999
2019-04-13 16:00:00,4348.82,107.77000000000001
2019-04-13 17:00:00,4627.585,111.785
2019-04-13 18:00:00,4971.22,119.155
2019-04-13 19:00:00,5020.65,107.93
2019-04-13 20:00:00,4801.57,110.995
2019-04-13 21:00:00,4580.780000000001,157.935
2019-04-13 22:00:00,4421.5599999999995,168.84
2019-04-13 23:00:00,4432.215,147.28
2019-04-14 00:00:00,4429.045,165.44
2019-04-14 01:00:00,4103.16,131.92000000000002
2019-04-14 02:00:00,3823.2,112.955
2019-04-14 03:00:00,3645.3050000000003,105.10499999999999
2019-04-14 04:00:00,3570.88,101.325
2019-04-14 05:00:00,3547.435,121.89500000000001
2019-04-14 06:00:00,3630.1400000000003,117.81
2019-04-14 07:00:00,3770.805,100.065
2019-04-14 08:00:00,3930.98,85.60499999999999
2019-04-14 09:00:00,3964.11,96.87
2019-04-14 10:00:00,3837.42,89.39
2019-04-14 11:00:00,3763.425,81.845
2019-04-14 12:00:00,3732.55,94.69
2019-04-14 13:00:00,3731.6899999999996,89.175
2019-04-14 14:00:00,3864.9300000000003,104.875
2019-04-14 15:00:00,4037.62,108.965
2019-04-14 16:00:00,4350.105,117.45
2019-04-14 17:00:00,4669.42,134.825
2019-04-14 18:00:00,5000.235000000001,139.81
2019-04-14 19:00:00,5059.754999999999,114.22999999999999
2019-04-14 20:00:00,4827.125,111.91
2019-04-14 21:00:00,4605.645,111.28
2019-04-14 22:00:00,4416.695,102.6
2019-04-14 23:00:00,4368.325,114.53
2019-04-19 00:00:00,4497.175,70.675
2019-04-19 01:00:00,4095.965,70.52000000000001
2019-04-19 02:00:00,3750.3950000000004,79.72
2019-04-19 03:00:00,3611.315,74.935
2019-04-19 04:00:00,3597.4449999999997,65.415
2019-04-19 05:00:00,3607.52,58.05
2019-04-19 06:00:00,3735.785,65.81
2019-04-19 07:00:00,3918.38,66.14
2019-04-19 08:00:00,3998.745,51.995000000000005
2019-04-19 09:00:00,3864.745,58.68
2019-04-19 10:00:00,3687.04,53.235
2019-04-19 11:00:00,3556.495,50.515
2019-04-19 12:00:00,3510.85,59.075
2019-04-19 13:00:00,3533.9049999999997,52.785
2019-04-19 14:00:00,3645.09,69.42
2019-04-19 15:00:00,3827.335,82.69
2019-04-19 16:00:00,4087.415,116.55000000000001
2019-04-19 17:00:00,4424.5,111.33
2019-04-19 18:00:00,4764.155,124.09
2019-04-19 19:00:00,4758.61,98.005
2019-04-19 20:00:00,4582.52,86.3
2019-04-19 21:00:00,4392.33,86.37
2019-04-19 22:00:00,4240.91,80.35
2019-04-19 23:00:00,4278.780000000001,105.91
2019-04-20 00:00:00,4318.280000000001,103.505
2019-04-20 01:00:00,4047.79,81.31
2019-04-20 02:00:00,3795.31,62.445
2019-04-20 03:00:00,3589.95,69.88499999999999
2019-04-20 04:00:00,3501.6400000000003,46.865
2019-04-20 05:00:00,3508.76,48.605000000000004
2019-04-20 06:00:00,3637.71,50.69
2019-04-20 07:00:00,3809.11,54.47
2019-04-20 08:00:00,3845.31,42.769999999999996
2019-04-20 09:00:00,3774.74,52.02
2019-04-20 10:00:00,3633.125,45.57
2019-04-20 11:00:00,3564.415,34.254999999999995
2019-04-20 12:00:00,3595.51,45.265
2019-04-20 13:00:00,3640.0550000000003,49.894999999999996
2019-04-20 14:00:00,3818.71,56.06999999999999
2019-04-20 15:00:00,4062.93,85.005
2019-04-20 16:00:00,4349.255,95.32
2019-04-20 17:00:00,4676.9400000000005,100.975
2019-04-20 18:00:00,4871.025,105.315
2019-04-20 19:00:00,4735.235000000001,91.72
2019-04-20 20:00:00,4476.34,73.405
2019-04-20 21:00:00,4185.4349999999995,59.42
2019-04-20 22:00:00,4078.8549999999996,51.735
2019-04-20 23:00:00,4137.93,55.635000000000005
2019-04-21 00:00:00,4117.855,50.04
2019-04-21 01:00:00,3819.215,48.445
2019-04-21 02:00:00,3554.76,40.94
2019-04-21 03:00:00,3406.4300000000003,52.05500000000001
2019-04-21 04:00:00,3351.09,70.58500000000001
2019-04-21 05:00:00,3307.8050000000003,53.22
2019-04-21 06:00:00,3394.5950000000003,52.92
2019-04-21 07:00:00,3564.045,67.88
2019-04-21 08:00:00,3705.8599999999997,80.75999999999999
2019-04-21 09:00:00,3844.015,78.205
2019-04-21 10:00:00,3877.465,93.99000000000001
2019-04-21 11:00:00,3861.0150000000003,99.43
2019-04-21 12:00:00,3953.005,85.13
2019-04-21 13:00:00,3986.9700000000003,106.305
2019-04-21 14:00:00,4046.485,76.94
2019-04-21 15:00:00,4138.055,99.86
2019-04-21 16:00:00,4316.975,103.61
2019-04-21 17:00:00,4511.280000000001,103.975
2019-04-21 18:00:00,4736.695,109.685
2019-04-21 19:00:00,4573.795,86.36
2019-04-21 20:00:00,4375.885,85.22999999999999
2019-04-21 21:00:00,4157.475,76.36500000000001
2019-04-21 22:00:00,4084.195,83.11
2019-04-21 23:00:00,4125.700000000001,84.545
2019-04-22 00:00:00,4127.355,87.82
2019-04-22 01:00:00,3871.88,84.67
2019-04-22 02:00:00,3656.75,81.5
2019-04-22 03:00:00,3488.175,73.08
2019-04-22 04:00:00,3443.8,85.905
2019-04-22 05:00:00,3430.965,85.6
2019-04-22 06:00:00,3620.725,73.095
2019-04-22 07:00:00,3780.035,100.63499999999999
2019-04-22 08:00:00,3926.1850000000004,137.605
2019-04-22 09:00:00,4081.2,103.115
2019-04-22 10:00:00,4170.9,101.33000000000001
2019-04-22 11:00:00,4205.985000000001,110.85
2019-04-22 12:00:00,4224.84,102.955
2019-04-22 13:00:00,4239.1900000000005,88.72999999999999
2019-04-22 14:00:00,4263.445,95.955
2019-04-22 15:00:00,4272.2,93.78
2019-04-22 16:00:00,4425.73,88.35499999999999
2019-04-22 17:00:00,4710.0,102.42
2019-04-22 18:00:00,5119.32,117.435
2019-04-22 19:00:00,5080.805,100.84
2019-04-22 20:00:00,4776.88,89.72999999999999
2019-04-22 21:00:00,4579.5,88.97999999999999
2019-04-22 22:00:00,4402.625,87.52000000000001
2019-04-22 23:00:00,4348.02,86.17500000000001
2019-04-25 00:00:00,4475.665,79.69
2019-04-25 01:00:00,4071.8650000000002,58.14
2019-04-25 02:00:00,3764.885,60.78
2019-04-25 03:00:00,3588.395,55.894999999999996
2019-04-25 04:00:00,3571.515,58.875
2019-04-25 05:00:00,3635.76,65.91
2019-04-25 06:00:00,3746.065,55.555
2019-04-25 07:00:00,3933.6549999999997,64.76
2019-04-25 08:00:00,4051.425,70.24
2019-04-25 09:00:00,4095.4700000000003,64.83
2019-04-25 10:00:00,3993.865,48.379999999999995
2019-04-25 11:00:00,3912.75,44.120000000000005
2019-04-25 12:00:00,3911.0249999999996,50.425
2019-04-25 13:00:00,3857.3450000000003,34.775
2019-04-25 14:00:00,3821.465,41.334999999999994
2019-04-25 15:00:00,3831.035,42.205
2019-04-25 16:00:00,4067.45,53.485
2019-04-25 17:00:00,4443.52,79.45
2019-04-25 18:00:00,4899.415,110.92500000000001
2019-04-25 19:00:00,4960.49,87.19
2019-04-25 20:00:00,4696.9400000000005,70.305
2019-04-25 21:00:00,4447.3099999999995,65.69999999999999
2019-04-25 22:00:00,4187.74,58.405
2019-04-25 23:00:00,4147.415,53.489999999999995
2019-04-27 00:00:00,4688.71,88.975
2019-04-27 01:00:00,4288.799999999999,69.16999999999999
2019-04-27 02:00:00,3943.34,71.19
2019-04-27 03:00:00,3766.845,64.71000000000001
2019-04-27 04:00:00,3673.505,66.37
2019-04-27 05:00:00,3673.2749999999996,68.485
2019-04-27 06:00:00,3848.74,78.005
2019-04-27 07:00:00,4187.355,102.22
2019-04-27 08:00:00,4502.4,93.705
2019-04-27 09:00:00,4544.0,81.275
2019-04-27 10:00:00,4456.97,58.355000000000004
2019-04-27 11:00:00,4309.605,56.155
2019-04-27 12:00:00,4196.924999999999,56.56
2019-04-27 13:00:00,4237.68,58.475
2019-04-27 14:00:00,4282.215,55.2
2019-04-27 15:00:00,4356.96,61.650000000000006
2019-04-27 16:00:00,4554.335,86.055
2019-04-27 17:00:00,4901.935,100.995
2019-04-27 18:00:00,5316.465,132.95999999999998
2019-04-27 19:00:00,5239.99,95.155
2019-04-27 20:00:00,4927.805,91.655
2019-04-27 21:00:00,4652.049999999999,72.83500000000001
2019-04-27 22:00:00,4446.6,77.685
2019-04-27 23:00:00,4378.424999999999,94.31
2019-04-28 00:00:00,4274.6,84.265
2019-04-28 01:00:00,3975.435,83.08500000000001
2019-04-28 02:00:00,3650.19,74.35
2019-04-28 03:00:00,3462.68,57.825
2019-04-28 04:00:00,3369.9,54.394999999999996
2019-04-28 05:00:00,3389.1099999999997,55.035
2019-04-28 06:00:00,3476.775,65.015
2019-04-28 07:00:00,3634.49,83.12
2019-04-28 08:00:00,3859.575,74.795
2019-04-28 09:00:00,4007.61,84.55
2019-04-28 10:00:00,4125.715,79.48
2019-04-28 11:00:00,4113.110000000001,83.205
2019-04-28 12:00:00,4067.54,63.15
2019-04-28 13:00:00,4108.585,54.955
2019-04-28 14:00:00,4118.335,52.735
2019-04-28 15:00:00,4193.8150000000005,68.92
2019-04-28 16:00:00,4395.514999999999,70.31
2019-04-28 17:00:00,4843.924999999999,96.88499999999999
2019-04-28 18:00:00,5382.105,141.12
2019-04-28 19:00:00,5346.33,110.285
2019-04-28 20:00:00,5112.295,112.405
2019-04-28 21:00:00,4920.875,120.6
2019-04-28 22:00:00,4681.635,118.37
2019-04-28 23:00:00,4547.285,108.625
2019-05-04 00:00:00,4557.435,106.285
2019-05-04 01:00:00,4082.515,91.545
2019-05-04 02:00:00,3701.6549999999997,92.875
2019-05-04 03:00:00,3533.285,85.17
2019-05-04 04:00:00,3429.835,78.16499999999999
2019-05-04 05:00:00,3491.185,87.3
2019-05-04 06:00:00,3667.77,88.75999999999999
2019-05-04 07:00:00,3999.135,103.95
2019-05-04 08:00:00,4231.62,103.11500000000001
2019-05-04 09:00:00,4298.115,104.91499999999999
2019-05-04 10:00:00,4287.110000000001,106.89
2019-05-04 11:00:00,4230.125,101.515
2019-05-04 12:00:00,4242.445,104.25999999999999
2019-05-04 13:00:00,4252.07,98.14500000000001
2019-05-04 14:00:00,4231.855,90.725
2019-05-04 15:00:00,4246.255,77.915
2019-05-04 16:00:00,4453.735000000001,96.87
2019-05-04 17:00:00,4922.8,104.57
2019-05-04 18:00:00,5296.59,135.925
2019-05-04 19:00:00,5241.14,129.45499999999998
2019-05-04 20:00:00,5026.41,114.475
2019-05-04 21:00:00,4856.110000000001,106.65
2019-05-04 22:00:00,4685.43,121.09
2019-05-04 23:00:00,4651.52,115.57
2019-05-05 00:00:00,4575.594999999999,113.25
2019-05-05 01:00:00,4255.885,113.675
2019-05-05 02:00:00,3885.31,105.945
2019-05-05 03:00:00,3665.535,100.58
2019-05-05 04:00:00,3594.005,97.675
2019-05-05 05:00:00,3604.415,99.095
2019-05-05 06:00:00,3699.59,98.88
2019-05-05 07:00:00,3906.195,103.63
2019-05-05 08:00:00,4125.825,103.825
2019-05-05 09:00:00,4172.8099999999995,103.395
2019-05-05 10:00:00,4140.379999999999,107.315
2019-05-05 11:00:00,4180.805,105.71000000000001
2019-05-05 12:00:00,4215.139999999999,105.86
2019-05-05 13:00:00,4191.365,103.195
2019-05-05 14:00:00,4187.879999999999,101.7
2019-05-05 15:00:00,4199.235000000001,101.31
2019-05-05 16:00:00,4509.5599999999995,104.65
2019-05-05 17:00:00,5045.99,107.82
2019-05-05 18:00:00,5560.255,140.045
2019-05-05 19:00:00,5475.07,111.28
2019-05-05 20:00:00,5252.0650000000005,107.245
2019-05-05 21:00:00,5015.485,115.975
2019-05-05 22:00:00,4722.045,111.54499999999999
2019-05-05 23:00:00,4590.265,111.515
2019-05-11 00:00:00,4868.475,103.885
2019-05-11 01:00:00,4514.525,87.36
2019-05-11 02:00:00,4185.625,54.685
2019-05-11 03:00:00,3914.77,43.18
2019-05-11 04:00:00,3851.77,53.58
2019-05-11 05:00:00,3877.74,55.185
2019-05-11 06:00:00,4129.92,78.92
2019-05-11 07:00:00,4438.18,80.31
2019-05-11 08:00:00,4734.91,107.925
2019-05-11 09:00:00,4859.6900000000005,104.795
2019-05-11 10:00:00,4869.04,99.28999999999999
2019-05-11 11:00:00,4790.09,57.64
2019-05-11 12:00:00,4694.745,70.985
2019-05-11 13:00:00,4616.27,76.945
2019-05-11 14:00:00,4623.915,80.21000000000001
2019-05-11 15:00:00,4742.915,87.3
2019-05-11 16:00:00,5011.705,78.505
2019-05-11 17:00:00,5373.3150000000005,113.285
2019-05-11 18:00:00,5680.47,113.28
2019-05-11 19:00:00,5539.07,100.905
2019-05-11 20:00:00,5239.23,104.35499999999999
2019-05-11 21:00:00,5044.995000000001,100.365
2019-05-11 22:00:00,4818.38,96.765
2019-05-11 23:00:00,4766.99,98.28999999999999
2019-05-12 00:00:00,4751.145,98.47999999999999
2019-05-12 01:00:00,4442.215,94.58
2019-05-12 02:00:00,4145.95,72.655
2019-05-12 03:00:00,3902.84,68.305
2019-05-12 04:00:00,3826.16,67.195
2019-05-12 05:00:00,3828.815,68.75999999999999
2019-05-12 06:00:00,3951.2250000000004,67.375
2019-05-12 07:00:00,4182.53,77.565
2019-05-12 08:00:00,4437.35,110.055
2019-05-12 09:00:00,4592.195,121.155
2019-05-12 10:00:00,4608.255,96.715
2019-05-12 11:00:00,4565.64,79.405
2019-05-12 12:00:00,4534.82,100.33500000000001
2019-05-12 13:00:00,4429.39,58.01
2019-05-12 14:00:00,4437.635,60.019999999999996
2019-05-12 15:00:00,4537.29,81.565
2019-05-12 16:00:00,4842.015,76.08
2019-05-12 17:00:00,5272.8099999999995,101.61500000000001
2019-05-12 18:00:00,5662.045,107.965
2019-05-12 19:00:00,5562.1849999999995,102.375
2019-05-12 20:00:00,5305.785,103.53999999999999
2019-05-12 21:00:00,5083.65,97.85
2019-05-12 22:00:00,4798.139999999999,87.135
2019-05-12 23:00:00,4716.795,69.195
2019-05-18 00:00:00,5204.8099999999995,92.34
2019-05-18 01:00:00,4798.585,80.55
2019-05-18 02:00:00,4418.27,81.375
2019-05-18 03:00:00,4187.615,82.71000000000001
2019-05-18 04:00:00,4137.1849999999995,66.485
2019-05-18 05:00:00,4195.45,83.41499999999999
2019-05-18 06:00:00,4419.725,80.5
2019-05-18 07:00:00,4804.405000000001,103.36500000000001
2019-05-18 08:00:00,5156.615,108.37
2019-05-18 09:00:00,5147.925,102.91
2019-05-18 10:00:00,4795.8150000000005,79.305
2019-05-18 11:00:00,4420.99,60.395
2019-05-18 12:00:00,4175.625,55.665
2019-05-18 13:00:00,4073.0950000000003,67.19999999999999
2019-05-18 14:00:00,4120.46,77.08500000000001
2019-05-18 15:00:00,4253.08,83.52000000000001
2019-05-18 16:00:00,4567.175,89.505
2019-05-18 17:00:00,5055.725,110.11
2019-05-18 18:00:00,5520.855,109.4
2019-05-18 19:00:00,5433.0,95.985
2019-05-18 20:00:00,5230.405000000001,99.83500000000001
2019-05-18 21:00:00,5065.86,85.295
2019-05-18 22:00:00,4911.88,81.66499999999999
2019-05-18 23:00:00,4896.085,72.31
2019-05-19 00:00:00,4850.825,79.85
2019-05-19 01:00:00,4468.055,85.745
2019-05-19 02:00:00,4073.93,76.785
2019-05-19 03:00:00,3872.33,57.955
2019-05-19 04:00:00,3769.075,43.075
2019-05-19 05:00:00,3726.355,56.224999999999994
2019-05-19 06:00:00,3837.8199999999997,49.975
2019-05-19 07:00:00,4029.0,61.709999999999994
2019-05-19 08:00:00,4325.165,80.82499999999999
2019-05-19 09:00:00,4489.120000000001,94.72999999999999
2019-05-19 10:00:00,4306.885,82.27000000000001
2019-05-19 11:00:00,4003.8500000000004,58.92
2019-05-19 12:00:00,3824.7250000000004,53.364999999999995
2019-05-19 13:00:00,3818.8450000000003,51.445
2019-05-19 14:00:00,3799.8149999999996,57.129999999999995
2019-05-19 15:00:00,3987.02,72.37
2019-05-19 16:00:00,4348.66,82.94
2019-05-19 17:00:00,4846.219999999999,93.97
2019-05-19 18:00:00,5422.945,100.86
2019-05-19 19:00:00,5342.27,96.515
2019-05-19 20:00:00,5099.83,92.91
2019-05-19 21:00:00,4828.175,90.84
2019-05-19 22:00:00,4538.645,84.24000000000001
2019-05-19 23:00:00,4445.29,83.505
2019-05-25 00:00:00,4742.295,88.18
2019-05-25 01:00:00,4354.55,78.93
2019-05-25 02:00:00,4020.02,63.725
2019-05-25 03:00:00,3809.24,52.46
2019-05-25 04:00:00,3753.1899999999996,52.735
2019-05-25 05:00:00,3814.555,55.93
2019-05-25 06:00:00,3984.6000000000004,61.355000000000004
2019-05-25 07:00:00,4226.425,75.75
2019-05-25 08:00:00,4424.04,85.84
2019-05-25 09:00:00,4481.01,80.235
2019-05-25 10:00:00,4297.7,58.735
2019-05-25 11:00:00,4087.335,50.925
2019-05-25 12:00:00,3954.935,52.69
2019-05-25 13:00:00,3926.48,50.57
2019-05-25 14:00:00,4027.1400000000003,52.28
2019-05-25 15:00:00,4194.555,62.125
2019-05-25 16:00:00,4461.08,76.535
2019-05-25 17:00:00,4935.065,105.535
2019-05-25 18:00:00,5278.26,105.315
2019-05-25 19:00:00,5194.65,98.99
2019-05-25 20:00:00,4986.505,92.995
2019-05-25 21:00:00,4787.695,90.025
2019-05-25 22:00:00,4614.705,76.88
2019-05-25 23:00:00,4593.92,73.345
2019-05-26 00:00:00,4580.5,73.595
2019-05-26 01:00:00,4221.35,60.675
2019-05-26 02:00:00,3908.4350000000004,40.625
2019-05-26 03:00:00,3703.175,46.349999999999994
2019-05-26 04:00:00,3589.4,48.715
2019-05-26 05:00:00,3682.48,46.974999999999994
2019-05-26 06:00:00,3834.45,50.599999999999994
2019-05-26 07:00:00,4081.0550000000003,55.114999999999995
2019-05-26 08:00:00,4345.959999999999,68.485
2019-05-26 09:00:00,4397.075000000001,64.215
2019-05-26 10:00:00,4206.014999999999,44.370000000000005
2019-05-26 11:00:00,3929.255,12.3
2019-05-26 12:00:00,3924.9300000000003,5.635
2019-05-26 13:00:00,4162.32,39.93
2019-05-26 14:00:00,4244.58,51.345
2019-05-26 15:00:00,4428.375,54.315
2019-05-26 16:00:00,4736.55,69.075
2019-05-26 17:00:00,5228.22,98.97
2019-05-26 18:00:00,5681.575,102.285
2019-05-26 19:00:00,5516.855,101.955
2019-05-26 20:00:00,5274.51,91.555
2019-05-26 21:00:00,5061.615,86.91499999999999
2019-05-26 22:00:00,4792.805,82.38
2019-05-26 23:00:00,4621.945,69.425
2019-06-01 00:00:00,5174.594999999999,95.72
2019-06-01 01:00:00,4769.95,86.485
2019-06-01 02:00:00,4388.84,83.505
2019-06-01 03:00:00,4170.25,73.535
2019-06-01 04:00:00,4069.29,65.49
2019-06-01 05:00:00,4118.82,57.12
2019-06-01 06:00:00,4354.7,67.92500000000001
2019-06-01 07:00:00,4663.0,93.02
2019-06-01 08:00:00,5062.02,113.61
2019-06-01 09:00:00,5330.04,103.49000000000001
2019-06-01 10:00:00,5293.370000000001,103.42500000000001
2019-06-01 11:00:00,5166.295,97.78999999999999
2019-06-01 12:00:00,5061.305,105.895
2019-06-01 13:00:00,5005.405,112.055
2019-06-01 14:00:00,5017.085,108.38499999999999
2019-06-01 15:00:00,5049.245,102.05
2019-06-01 16:00:00,5282.38,125.285
2019-06-01 17:00:00,5640.99,193.475
2019-06-01 18:00:00,5994.96,271.18
2019-06-01 19:00:00,5757.620000000001,120.55
2019-06-01 20:00:00,5553.055,140.04
2019-06-01 21:00:00,5348.98,105.525
2019-06-01 22:00:00,5207.25,106.655
2019-06-01 23:00:00,5173.99,103.975
2019-06-02 00:00:00,5150.035,101.83
2019-06-02 01:00:00,4772.385,96.97
2019-06-02 02:00:00,4392.795,94.78
2019-06-02 03:00:00,4179.115,89.91499999999999
2019-06-02 04:00:00,4073.5550000000003,85.5
2019-06-02 05:00:00,4067.17,76.775
2019-06-02 06:00:00,4177.9400000000005,74.16499999999999
2019-06-02 07:00:00,4406.905000000001,86.025
2019-06-02 08:00:00,4673.27,148.96
2019-06-02 09:00:00,4909.85,95.07
2019-06-02 10:00:00,4952.865,140.35
2019-06-02 11:00:00,4823.475,94.185
2019-06-02 12:00:00,4836.555,94.025
2019-06-02 13:00:00,4706.889999999999,95.03
2019-06-02 14:00:00,4734.3099999999995,97.1
2019-06-02 15:00:00,4753.16,103.435
2019-06-02 16:00:00,5270.17,126.95500000000001
2019-06-02 17:00:00,5914.2,148.385
2019-06-02 18:00:00,6245.545,244.115
2019-06-02 19:00:00,6041.0599999999995,118.56
2019-06-02 20:00:00,5682.6,105.445
2019-06-02 21:00:00,5430.13,86.65
2019-06-02 22:00:00,5038.610000000001,73.9
2019-06-02 23:00:00,4854.34,68.955
2019-06-08 00:00:00,5353.455,107.89
2019-06-08 01:00:00,4969.63,97.66
2019-06-08 02:00:00,4523.54,71.47
2019-06-08 03:00:00,4246.105,9.629999999999999
2019-06-08 04:00:00,4136.42,31.25
2019-06-08 05:00:00,4164.965,41.245000000000005
2019-06-08 06:00:00,4385.525,72.08500000000001
2019-06-08 07:00:00,4760.05,80.91499999999999
2019-06-08 08:00:00,5129.99,120.95
2019-06-08 09:00:00,5366.42,178.69
2019-06-08 10:00:00,5149.63,181.47000000000003
2019-06-08 11:00:00,4724.83,106.25999999999999
2019-06-08 12:00:00,4456.395,74.055
2019-06-08 13:00:00,4233.805,25.285
2019-06-08 14:00:00,4243.38,76.735
2019-06-08 15:00:00,4403.02,105.81
2019-06-08 16:00:00,4824.795,109.425
2019-06-08 17:00:00,5480.01,152.175
2019-06-08 18:00:00,5902.280000000001,198.93
2019-06-08 19:00:00,5726.04,126.69
2019-06-08 20:00:00,5496.93,104.225
2019-06-08 21:00:00,5359.105,101.55000000000001
2019-06-08 22:00:00,5153.715,94.86
2019-06-08 23:00:00,5053.595,89.225
2019-06-09 00:00:00,5020.395,85.075
2019-06-09 01:00:00,4630.17,61.065
2019-06-09 02:00:00,4295.28,37.745
2019-06-09 03:00:00,4075.745,28.055
2019-06-09 04:00:00,3956.065,40.28
2019-06-09 05:00:00,3961.87,12.645
2019-06-09 06:00:00,4111.764999999999,44.655
2019-06-09 07:00:00,4281.79,57.7
2019-06-09 08:00:00,4553.34,82.095
2019-06-09 09:00:00,4762.74,89.02000000000001
2019-06-09 10:00:00,4713.76,81.72
2019-06-09 11:00:00,4614.424999999999,69.46
2019-06-09 12:00:00,4211.085,32.71
2019-06-09 13:00:00,4188.74,56.230000000000004
2019-06-09 14:00:00,4154.995,60.065
2019-06-09 15:00:00,4297.695,73.30000000000001
2019-06-09 16:00:00,4711.715,86.22
2019-06-09 17:00:00,5287.835,99.1
2019-06-09 18:00:00,5651.73,104.08
2019-06-09 19:00:00,5411.695,91.085
2019-06-09 20:00:00,5151.4,89.63499999999999
2019-06-09 21:00:00,5038.76,86.62
2019-06-09 22:00:00,4851.129999999999,78.36
2019-06-09 23:00:00,4735.295,70.93
2019-06-10 00:00:00,4612.51,60.08
2019-06-10 01:00:00,4229.665,-5.245
2019-06-10 02:00:00,3870.0950000000003,13.015
2019-06-10 03:00:00,3631.365,1.845
2019-06-10 04:00:00,3497.235,0.66
2019-06-10 05:00:00,3517.8999999999996,0.31
2019-06-10 06:00:00,3680.4049999999997,5.93
2019-06-10 07:00:00,3964.915,12.0
2019-06-10 08:00:00,4336.895,29.28
2019-06-10 09:00:00,4657.025,50.465
2019-06-10 10:00:00,4603.115,21.83
2019-06-10 11:00:00,4222.575,5.26
2019-06-10 12:00:00,4184.365,7.71
2019-06-10 13:00:00,4236.07,12.525
2019-06-10 14:00:00,4268.055,37.7
2019-06-10 15:00:00,4425.755,46.355000000000004
2019-06-10 16:00:00,4791.17,63.370000000000005
2019-06-10 17:00:00,5385.41,93.54499999999999
2019-06-10 18:00:00,5844.504999999999,120.955
2019-06-10 19:00:00,5711.075,95.27000000000001
2019-06-10 20:00:00,5498.26,91.98
2019-06-10 21:00:00,5272.12,85.5
2019-06-10 22:00:00,4919.215,88.675
2019-06-10 23:00:00,4773.33,74.735
2019-06-15 00:00:00,5237.795,103.85499999999999
2019-06-15 01:00:00,4833.5599999999995,98.43
2019-06-15 02:00:00,4447.54,89.65
2019-06-15 03:00:00,4216.26,78.745
2019-06-15 04:00:00,4082.015,72.545
2019-06-15 05:00:00,4096.17,74.44
2019-06-15 06:00:00,4319.4,85.82
2019-06-15 07:00:00,4735.415,105.605
2019-06-15 08:00:00,5170.76,124.66
2019-06-15 09:00:00,5391.84,115.935
2019-06-15 10:00:00,5287.855,101.98500000000001
2019-06-15 11:00:00,5077.915,99.13
2019-06-15 12:00:00,4898.4349999999995,95.555
2019-06-15 13:00:00,4854.700000000001,91.53
2019-06-15 14:00:00,4876.6849999999995,93.24
2019-06-15 15:00:00,4949.299999999999,102.435
2019-06-15 16:00:00,5176.6,105.14
2019-06-15 17:00:00,5665.29,125.57000000000001
2019-06-15 18:00:00,6097.355,173.04500000000002
2019-06-15 19:00:00,5937.28,111.745
2019-06-15 20:00:00,5723.95,109.11500000000001
2019-06-15 21:00:00,5499.969999999999,104.02
2019-06-15 22:00:00,5319.674999999999,93.89
2019-06-15 23:00:00,5202.08,107.975
2019-06-16 00:00:00,5133.16,112.60499999999999
2019-06-16 01:00:00,4758.645,102.71000000000001
2019-06-16 02:00:00,4383.405,77.81
2019-06-16 03:00:00,4138.655,62.03
2019-06-16 04:00:00,4055.61,61.16
2019-06-16 05:00:00,4025.515,59.355
2019-06-16 06:00:00,4171.03,61.725
2019-06-16 07:00:00,4376.07,76.46000000000001
2019-06-16 08:00:00,4656.885,98.06
2019-06-16 09:00:00,4921.094999999999,121.455
2019-06-16 10:00:00,4956.1,149.66
2019-06-16 11:00:00,4698.18,100.17500000000001
2019-06-16 12:00:00,4458.575,94.13
2019-06-16 13:00:00,4384.6900000000005,84.35499999999999
2019-06-16 14:00:00,4418.355,88.765
2019-06-16 15:00:00,4629.035,99.695
2019-06-16 16:00:00,5032.955,118.61999999999999
2019-06-16 17:00:00,5623.055,169.25
2019-06-16 18:00:00,6168.99,271.32
2019-06-16 19:00:00,6060.620000000001,135.13
2019-06-16 20:00:00,5817.555,120.13499999999999
2019-06-16 21:00:00,5602.865,104.285
2019-06-16 22:00:00,5270.68,97.91499999999999
2019-06-16 23:00:00,5069.665,97.525
2019-06-22 00:00:00,5650.030000000001,117.23
2019-06-22 01:00:00,5217.495000000001,113.05000000000001
2019-06-22 02:00:00,4801.29,101.605
2019-06-22 03:00:00,4557.46,79.125
2019-06-22 04:00:00,4473.165,81.12
2019-06-22 05:00:00,4523.15,86.38
2019-06-22 06:00:00,4764.85,102.98500000000001
2019-06-22 07:00:00,5148.645,90.385
2019-06-22 08:00:00,5621.129999999999,117.945
2019-06-22 09:00:00,5937.93,121.505
2019-06-22 10:00:00,5863.47,118.43
2019-06-22 11:00:00,5639.26,112.81
2019-06-22 12:00:00,5442.01,101.89
2019-06-22 13:00:00,5373.8099999999995,89.66499999999999
2019-06-22 14:00:00,5433.765,103.385
2019-06-22 15:00:00,5527.6849999999995,109.66
2019-06-22 16:00:00,5751.01,115.555
2019-06-22 17:00:00,6233.1849999999995,115.05
2019-06-22 18:00:00,6581.69,146.475
2019-06-22 19:00:00,6457.3150000000005,110.06
2019-06-22 20:00:00,6260.27,111.245
2019-06-22 21:00:00,6050.275,147.865
2019-06-22 22:00:00,5828.085,133.18
2019-06-22 23:00:00,5692.3150000000005,117.285
2019-06-23 00:00:00,5645.65,115.47999999999999
2019-06-23 01:00:00,5288.1900000000005,111.82499999999999
2019-06-23 02:00:00,4984.5,114.24
2019-06-23 03:00:00,4711.495,101.53
2019-06-23 04:00:00,4606.6,96.445
2019-06-23 05:00:00,4611.85,98.44999999999999
2019-06-23 06:00:00,4721.610000000001,107.82499999999999
2019-06-23 07:00:00,4979.775,115.02
2019-06-23 08:00:00,5373.3,119.91
2019-06-23 09:00:00,5716.52,107.635
2019-06-23 10:00:00,5796.37,120.035
2019-06-23 11:00:00,5600.115,126.405
2019-06-23 12:00:00,5388.094999999999,123.55000000000001
2019-06-23 13:00:00,5311.17,117.995
2019-06-23 14:00:00,5304.995,111.855
2019-06-23 15:00:00,5351.525,109.84
2019-06-23 16:00:00,5671.755,120.495
2019-06-23 17:00:00,6275.85,157.305
2019-06-23 18:00:00,6909.035,259.75
2019-06-23 19:00:00,6894.6900000000005,143.335
2019-06-23 20:00:00,6689.9,137.595
2019-06-23 21:00:00,6334.905000000001,127.275
2019-06-23 22:00:00,5807.18,135.905
2019-06-23 23:00:00,5550.245,117.975
2019-06-29 00:00:00,4869.55,55.97
2019-06-29 01:00:00,4455.445,38.370000000000005
2019-06-29 02:00:00,4102.9400000000005,13.739999999999998
2019-06-29 03:00:00,3852.45,3.74
2019-06-29 04:00:00,3759.415,2.9050000000000002
2019-06-29 05:00:00,3877.115,26.695
2019-06-29 06:00:00,4026.26,44.25
2019-06-29 07:00:00,4368.755,40.120000000000005
2019-06-29 08:00:00,4735.33,49.74
2019-06-29 09:00:00,4992.09,59.405
2019-06-29 10:00:00,4995.014999999999,45.795
2019-06-29 11:00:00,4956.26,44.86
2019-06-29 12:00:00,4984.445,44.065
2019-06-29 13:00:00,5216.51,58.895
2019-06-29 14:00:00,5309.21,79.195
2019-06-29 15:00:00,5358.215,58.754999999999995
2019-06-29 16:00:00,5429.0650000000005,74.91
2019-06-29 17:00:00,5824.91,82.35499999999999
2019-06-29 18:00:00,6003.655,87.68
2019-06-29 19:00:00,5737.540000000001,78.11
2019-06-29 20:00:00,5507.445,65.315
2019-06-29 21:00:00,5327.1849999999995,53.415
2019-06-29 22:00:00,5139.45,51.295
2019-06-29 23:00:00,5095.875,46.905
2019-06-30 00:00:00,5096.110000000001,52.11
2019-06-30 01:00:00,4716.99,40.575
2019-06-30 02:00:00,4349.395,29.299999999999997
2019-06-30 03:00:00,4091.95,30.91
2019-06-30 04:00:00,4009.5950000000003,27.544999999999998
2019-06-30 05:00:00,4003.9449999999997,39.14
2019-06-30 06:00:00,4154.22,40.065
2019-06-30 07:00:00,4413.975,56.615
2019-06-30 08:00:00,4756.43,53.08
2019-06-30 09:00:00,5006.360000000001,37.745
2019-06-30 10:00:00,4885.055,25.535
2019-06-30 11:00:00,4616.0,29.165
2019-06-30 12:00:00,4356.129999999999,14.835
2019-06-30 13:00:00,4254.375,3.95
2019-06-30 14:00:00,4395.665,15.375
2019-06-30 15:00:00,4783.05,40.605000000000004
2019-06-30 16:00:00,5188.219999999999,60.245
2019-06-30 17:00:00,5656.93,88.04499999999999
2019-06-30 18:00:00,6088.879999999999,112.08500000000001
2019-06-30 19:00:00,5955.055,103.475
2019-06-30 20:00:00,5688.875,83.605
2019-06-30 21:00:00,5508.0,76.08500000000001
2019-06-30 22:00:00,5165.335,59.625
2019-06-30 23:00:00,5010.375,54.185
2019-07-06 00:00:00,5173.28,54.6
2019-07-06 01:00:00,4778.665,51.94
2019-07-06 02:00:00,4392.014999999999,49.295
2019-07-06 03:00:00,4133.77,36.105
2019-07-06 04:00:00,4044.11,37.78
2019-07-06 05:00:00,4113.51,35.825
2019-07-06 06:00:00,4317.030000000001,50.43
2019-07-06 07:00:00,4693.02,62.73
2019-07-06 08:00:00,5151.2,71.445
2019-07-06 09:00:00,5307.785,71.74000000000001
2019-07-06 10:00:00,5026.05,53.705
2019-07-06 11:00:00,4629.469999999999,43.655
2019-07-06 12:00:00,4393.395,35.28
2019-07-06 13:00:00,4242.155000000001,42.620000000000005
2019-07-06 14:00:00,4230.875,49.295
2019-07-06 15:00:00,4399.13,57.25
2019-07-06 16:00:00,4629.58,83.64
2019-07-06 17:00:00,5196.98,111.555
2019-07-06 18:00:00,5703.79,104.46000000000001
2019-07-06 19:00:00,5540.695,84.965
2019-07-06 20:00:00,5375.495,83.05
2019-07-06 21:00:00,5237.85,88.965
2019-07-06 22:00:00,5026.63,77.07
2019-07-06 23:00:00,4924.42,78.91499999999999
2019-07-07 00:00:00,4919.469999999999,96.615
2019-07-07 01:00:00,4542.9349999999995,35.065
2019-07-07 02:00:00,4194.165,29.475
2019-07-07 03:00:00,3896.7200000000003,29.21
2019-07-07 04:00:00,3805.05,32.595
2019-07-07 05:00:00,3778.5299999999997,40.07
2019-07-07 06:00:00,3875.65,56.175
2019-07-07 07:00:00,4132.335,76.515
2019-07-07 08:00:00,4481.0650000000005,89.19
2019-07-07 09:00:00,4757.025,94.0
2019-07-07 10:00:00,4826.4400000000005,99.9
2019-07-07 11:00:00,4676.450000000001,94.78
2019-07-07 12:00:00,4512.125,95.445
2019-07-07 13:00:00,4586.57,108.38999999999999
2019-07-07 14:00:00,4767.094999999999,109.09
2019-07-07 15:00:00,4945.965,111.46000000000001
2019-07-07 16:00:00,5220.795,101.245
2019-07-07 17:00:00,5657.93,108.655
2019-07-07 18:00:00,6003.82,118.295
2019-07-07 19:00:00,5855.8,104.91
2019-07-07 20:00:00,5622.15,105.16499999999999
2019-07-07 21:00:00,5410.49,101.64
2019-07-07 22:00:00,5093.695,98.185
2019-07-07 23:00:00,4907.610000000001,97.48
2019-07-13 00:00:00,5169.76,93.06
2019-07-13 01:00:00,4821.275,65.54
2019-07-13 02:00:00,4414.295,43.8
2019-07-13 03:00:00,4142.035,40.004999999999995
2019-07-13 04:00:00,4075.66,41.58
2019-07-13 05:00:00,4093.26,40.45
2019-07-13 06:00:00,4289.83,62.175000000000004
2019-07-13 07:00:00,4657.13,80.39500000000001
2019-07-13 08:00:00,5129.91,105.32
2019-07-13 09:00:00,5478.54,103.095
2019-07-13 10:00:00,5512.5599999999995,95.41499999999999
2019-07-13 11:00:00,5208.975,59.870000000000005
2019-07-13 12:00:00,5072.735000000001,63.105
2019-07-13 13:00:00,5168.17,88.88
2019-07-13 14:00:00,5094.305,52.43
2019-07-13 15:00:00,5153.62,71.35499999999999
2019-07-13 16:00:00,5496.165,95.19
2019-07-13 17:00:00,5867.77,95.805
2019-07-13 18:00:00,6310.485,129.755
2019-07-13 19:00:00,6188.415,97.775
2019-07-13 20:00:00,6013.25,107.005
2019-07-13 21:00:00,5760.030000000001,95.705
2019-07-13 22:00:00,5496.115,90.335
2019-07-13 23:00:00,5340.02,92.15
2019-07-14 00:00:00,5278.885,88.15
2019-07-14 01:00:00,4862.13,69.42
2019-07-14 02:00:00,4520.215,56.739999999999995
2019-07-14 03:00:00,4266.41,47.76
2019-07-14 04:00:00,4091.96,42.375
2019-07-14 05:00:00,4087.9399999999996,41.085
2019-07-14 06:00:00,4222.18,50.0
2019-07-14 07:00:00,4412.73,68.83500000000001
2019-07-14 08:00:00,4757.215,97.91
2019-07-14 09:00:00,5167.585,98.56
2019-07-14 10:00:00,5364.875,106.315
2019-07-14 11:00:00,5291.775,100.27000000000001
2019-07-14 12:00:00,5307.825000000001,103.585
2019-07-14 13:00:00,5246.344999999999,97.535
2019-07-14 14:00:00,5263.285,101.25
2019-07-14 15:00:00,5373.754999999999,86.30000000000001
2019-07-14 16:00:00,5626.28,77.15
2019-07-14 17:00:00,6020.275,88.28999999999999
2019-07-14 18:00:00,6396.865,102.995
2019-07-14 19:00:00,6249.885,91.71000000000001
2019-07-14 20:00:00,5970.755,87.68
2019-07-14 21:00:00,5679.025,80.67
2019-07-14 22:00:00,5245.5,69.765
2019-07-14 23:00:00,5036.57,63.364999999999995
2019-07-20 00:00:00,5235.585,75.055
2019-07-20 01:00:00,4850.0599999999995,65.015
2019-07-20 02:00:00,4441.02,63.80499999999999
2019-07-20 03:00:00,4142.639999999999,36.775
2019-07-20 04:00:00,3994.98,7.53
2019-07-20 05:00:00,3964.6499999999996,9.434999999999999
2019-07-20 06:00:00,4228.045,47.69
2019-07-20 07:00:00,4639.46,70.52
2019-07-20 08:00:00,5009.885,80.93
2019-07-20 09:00:00,5052.71,61.334999999999994
2019-07-20 10:00:00,4826.375,37.644999999999996
2019-07-20 11:00:00,4363.4,18.085
2019-07-20 12:00:00,4105.1900000000005,-0.9299999999999999
2019-07-20 13:00:00,3915.3999999999996,-24.375
2019-07-20 14:00:00,3888.285,-12.46
2019-07-20 15:00:00,4022.27,6.045
2019-07-20 16:00:00,4403.41,38.635
2019-07-20 17:00:00,4963.765,75.255
2019-07-20 18:00:00,5561.115,104.92500000000001
2019-07-20 19:00:00,5490.67,99.555
2019-07-20 20:00:00,5285.285,87.06
2019-07-20 21:00:00,5124.49,86.975
2019-07-20 22:00:00,4892.985000000001,71.735
2019-07-20 23:00:00,4887.23,64.555
2019-07-21 00:00:00,4827.085,77.36
2019-07-21 01:00:00,4443.245000000001,51.61
2019-07-21 02:00:00,4074.51,9.58
2019-07-21 03:00:00,3820.6800000000003,11.75
2019-07-21 04:00:00,3672.06,13.370000000000001
2019-07-21 05:00:00,3675.775,27.724999999999998
2019-07-21 06:00:00,3869.63,33.345
2019-07-21 07:00:00,4168.950000000001,57.89
2019-07-21 08:00:00,4555.764999999999,72.075
2019-07-21 09:00:00,4863.915,73.93
2019-07-21 10:00:00,4891.215,47.644999999999996
2019-07-21 11:00:00,4639.125,14.24
2019-07-21 12:00:00,4224.63,9.185
2019-07-21 13:00:00,4197.035,7.785
2019-07-21 14:00:00,4182.495000000001,13.3
2019-07-21 15:00:00,4356.51,31.32
2019-07-21 16:00:00,4703.1,54.010000000000005
2019-07-21 17:00:00,5215.575,101.82
2019-07-21 18:00:00,5940.675,180.955
2019-07-21 19:00:00,5962.09,102.66
2019-07-21 20:00:00,5706.275,101.475
2019-07-21 21:00:00,5432.735000000001,92.695
2019-07-21 22:00:00,5050.8,73.345
2019-07-21 23:00:00,4819.275,62.980000000000004
2019-07-27 00:00:00,5398.215,116.055
2019-07-27 01:00:00,4946.790000000001,124.675
2019-07-27 02:00:00,4595.595,100.86
2019-07-27 03:00:00,4337.17,85.725
2019-07-27 04:00:00,4265.18,78.11
2019-07-27 05:00:00,4323.04,88.72
2019-07-27 06:00:00,4537.33,86.53999999999999
2019-07-27 07:00:00,4792.565,95.23
2019-07-27 08:00:00,5147.215,104.64
2019-07-27 09:00:00,5279.375,100.46000000000001
2019-07-27 10:00:00,5200.75,91.845
2019-07-27 11:00:00,4993.985000000001,88.75
2019-07-27 12:00:00,4698.675,69.62
2019-07-27 13:00:00,4672.139999999999,49.235
2019-07-27 14:00:00,4873.945,67.3
2019-07-27 15:00:00,5034.52,83.53
2019-07-27 16:00:00,5269.525,91.515
2019-07-27 17:00:00,5670.530000000001,98.66
2019-07-27 18:00:00,6089.675,119.17
2019-07-27 19:00:00,5944.4349999999995,105.47
2019-07-27 20:00:00,5711.28,103.11
2019-07-27 21:00:00,5555.005,102.245
2019-07-27 22:00:00,5344.59,97.2
2019-07-27 23:00:00,5277.16,94.19999999999999
2019-07-28 00:00:00,5205.835,90.17500000000001
2019-07-28 01:00:00,4851.175,97.66499999999999
2019-07-28 02:00:00,4496.73,93.405
2019-07-28 03:00:00,4314.745000000001,63.980000000000004
2019-07-28 04:00:00,4211.754999999999,55.375
2019-07-28 05:00:00,4228.365,56.040000000000006
2019-07-28 06:00:00,4378.51,66.075
2019-07-28 07:00:00,4566.780000000001,96.565
2019-07-28 08:00:00,4890.83,103.66499999999999
2019-07-28 09:00:00,5125.32,107.305
2019-07-28 10:00:00,5050.075,99.42
2019-07-28 11:00:00,4618.3,62.510000000000005
2019-07-28 12:00:00,4355.389999999999,44.644999999999996
2019-07-28 13:00:00,4217.87,44.769999999999996
2019-07-28 14:00:00,4325.775,47.724999999999994
2019-07-28 15:00:00,4588.34,59.0
2019-07-28 16:00:00,5049.73,86.20500000000001
2019-07-28 17:00:00,5675.985000000001,111.655
2019-07-28 18:00:00,6218.51,130.71
2019-07-28 19:00:00,6145.235000000001,112.26
2019-07-28 20:00:00,5896.9,102.285
2019-07-28 21:00:00,5649.43,94.58500000000001
2019-07-28 22:00:00,5296.1900000000005,87.28
2019-07-28 23:00:00,5055.360000000001,83.48
2019-08-03 00:00:00,5146.51,235.365
2019-08-03 01:00:00,4692.66,205.865
2019-08-03 02:00:00,4353.389999999999,136.79000000000002
2019-08-03 03:00:00,4106.94,108.72999999999999
2019-08-03 04:00:00,3983.635,90.25
2019-08-03 05:00:00,3983.7749999999996,86.695
2019-08-03 06:00:00,4172.06,95.245
2019-08-03 07:00:00,4550.945,105.325
2019-08-03 08:00:00,4980.28,119.045
2019-08-03 09:00:00,5251.280000000001,140.96
2019-08-03 10:00:00,5212.28,121.39
2019-08-03 11:00:00,5025.8150000000005,96.75
2019-08-03 12:00:00,4937.44,98.405
2019-08-03 13:00:00,4900.84,92.955
2019-08-03 14:00:00,4934.25,91.14
2019-08-03 15:00:00,5023.03,102.65
2019-08-03 16:00:00,5225.07,109.63
2019-08-03 17:00:00,5633.674999999999,152.77
2019-08-03 18:00:00,6068.165,108.84
2019-08-03 19:00:00,5968.225,110.78
2019-08-03 20:00:00,5718.555,124.36
2019-08-03 21:00:00,5524.85,129.375
2019-08-03 22:00:00,5335.799999999999,118.26
2019-08-03 23:00:00,5204.23,115.655
2019-08-04 00:00:00,5166.485000000001,142.335
2019-08-04 01:00:00,4795.4349999999995,135.87
2019-08-04 02:00:00,4485.445,100.475
2019-08-04 03:00:00,4217.375,94.87
2019-08-04 04:00:00,4102.645,90.63499999999999
2019-08-04 05:00:00,4080.07,90.77000000000001
2019-08-04 06:00:00,4200.17,92.64500000000001
2019-08-04 07:00:00,4454.74,99.31
2019-08-04 08:00:00,4809.955,104.16499999999999
2019-08-04 09:00:00,5071.71,136.95
2019-08-04 10:00:00,5123.865,136.14
2019-08-04 11:00:00,4948.93,108.69
2019-08-04 12:00:00,4823.32,92.435
2019-08-04 13:00:00,4779.145,87.9
2019-08-04 14:00:00,4867.84,86.64500000000001
2019-08-04 15:00:00,5029.48,101.66499999999999
2019-08-04 16:00:00,5307.765,102.325
2019-08-04 17:00:00,5763.895,132.87
2019-08-04 18:00:00,6310.24,302.96
2019-08-04 19:00:00,6242.055,236.92
2019-08-04 20:00:00,5925.83,153.44
2019-08-04 21:00:00,5620.18,115.035
2019-08-04 22:00:00,5222.76,108.69
2019-08-04 23:00:00,5000.88,101.61
2019-08-10 00:00:00,5705.04,108.06
2019-08-10 01:00:00,5216.360000000001,102.31
2019-08-10 02:00:00,4771.0650000000005,92.345
2019-08-10 03:00:00,4472.795,78.60499999999999
2019-08-10 04:00:00,4392.635,61.83
2019-08-10 05:00:00,4361.835,57.065
2019-08-10 06:00:00,4556.12,67.78
2019-08-10 07:00:00,4913.66,94.565
2019-08-10 08:00:00,5396.225,101.445
2019-08-10 09:00:00,5866.860000000001,134.555
2019-08-10 10:00:00,5785.71,125.44999999999999
2019-08-10 11:00:00,5516.29,87.41
2019-08-10 12:00:00,5457.290000000001,97.41499999999999
2019-08-10 13:00:00,5402.145,97.515
2019-08-10 14:00:00,5152.485,62.834999999999994
2019-08-10 15:00:00,5192.17,97.37
2019-08-10 16:00:00,5398.295,111.135
2019-08-10 17:00:00,5883.695,98.375
2019-08-10 18:00:00,6336.675,105.825
2019-08-10 19:00:00,6278.209999999999,96.485
2019-08-10 20:00:00,6005.34,98.125
2019-08-10 21:00:00,5729.0599999999995,90.59
2019-08-10 22:00:00,5478.77,91.33500000000001
2019-08-10 23:00:00,5285.875,82.86500000000001
2019-08-11 00:00:00,5228.875,82.4
2019-08-11 01:00:00,4846.1900000000005,136.135
2019-08-11 02:00:00,4444.825,117.345
2019-08-11 03:00:00,4271.21,73.88
2019-08-11 04:00:00,4148.025,61.709999999999994
2019-08-11 05:00:00,4222.13,64.695
2019-08-11 06:00:00,4303.014999999999,61.675
2019-08-11 07:00:00,4556.095,87.6
2019-08-11 08:00:00,4927.21,111.74000000000001
2019-08-11 09:00:00,5232.27,85.275
2019-08-11 10:00:00,5184.4349999999995,82.77
2019-08-11 11:00:00,4804.4400000000005,79.58500000000001
2019-08-11 12:00:00,4649.115,46.405
2019-08-11 13:00:00,4703.47,57.855000000000004
2019-08-11 14:00:00,4744.8099999999995,63.72
2019-08-11 15:00:00,4945.45,59.964999999999996
2019-08-11 16:00:00,5283.705,69.985
2019-08-11 17:00:00,5726.835,141.515
2019-08-11 18:00:00,6278.895,257.84000000000003
2019-08-11 19:00:00,6311.5,131.275
2019-08-11 20:00:00,6031.665,113.91
2019-08-11 21:00:00,5762.02,98.91
2019-08-11 22:00:00,5326.889999999999,92.075
2019-08-11 23:00:00,5095.25,92.775
2019-08-17 00:00:00,5465.725,109.995
2019-08-17 01:00:00,5068.610000000001,95.625
2019-08-17 02:00:00,4705.844999999999,85.62
2019-08-17 03:00:00,4400.65,79.735
2019-08-17 04:00:00,4312.68,71.32499999999999
2019-08-17 05:00:00,4337.8150000000005,74.35
2019-08-17 06:00:00,4592.8,76.495
2019-08-17 07:00:00,4963.115,99.42500000000001
2019-08-17 08:00:00,5336.389999999999,114.03
2019-08-17 09:00:00,5288.315,92.255
2019-08-17 10:00:00,4856.54,49.065
2019-08-17 11:00:00,4430.405000000001,42.935
2019-08-17 12:00:00,4222.110000000001,45.14
2019-08-17 13:00:00,4032.19,28.564999999999998
2019-08-17 14:00:00,3968.59,41.45
2019-08-17 15:00:00,4057.535,47.41
2019-08-17 16:00:00,4375.915,66.83500000000001
2019-08-17 17:00:00,4969.735000000001,92.15
2019-08-17 18:00:00,5606.555,112.58
2019-08-17 19:00:00,5729.780000000001,95.41499999999999
2019-08-17 20:00:00,5484.975,73.185
2019-08-17 21:00:00,5284.32,63.235
2019-08-17 22:00:00,5033.32,55.489999999999995
2019-08-17 23:00:00,4936.6849999999995,53.78
2019-08-18 00:00:00,4878.91,60.385000000000005
2019-08-18 01:00:00,4515.450000000001,54.86
2019-08-18 02:00:00,4152.6,45.495000000000005
2019-08-18 03:00:00,3888.115,32.3
2019-08-18 04:00:00,3826.9049999999997,21.895
2019-08-18 05:00:00,3873.755,34.03
2019-08-18 06:00:00,3952.795,23.305
2019-08-18 07:00:00,4093.78,34.64
2019-08-18 08:00:00,4333.025,47.955
2019-08-18 09:00:00,4348.225,51.05
2019-08-18 10:00:00,4149.72,40.845
2019-08-18 11:00:00,3980.35,1.9
2019-08-18 12:00:00,3930.8500000000004,4.845
2019-08-18 13:00:00,4101.84,11.49
2019-08-18 14:00:00,4492.295,36.625
2019-08-18 15:00:00,4746.280000000001,62.64
2019-08-18 16:00:00,5132.715,59.72
2019-08-18 17:00:00,5456.405000000001,77.22
2019-08-18 18:00:00,5856.645,95.195
2019-08-18 19:00:00,5900.15,98.64
2019-08-18 20:00:00,5652.514999999999,94.38
2019-08-18 21:00:00,5456.415,79.245
2019-08-18 22:00:00,5139.4,49.15
2019-08-18 23:00:00,4957.235000000001,47.32
2019-08-24 00:00:00,5080.095,72.39
2019-08-24 01:00:00,4676.96,52.18
2019-08-24 02:00:00,4294.66,24.86
2019-08-24 03:00:00,3961.7799999999997,3.48
2019-08-24 04:00:00,3863.975,5.1850000000000005
2019-08-24 05:00:00,3958.765,11.57
2019-08-24 06:00:00,4182.7,27.5
2019-08-24 07:00:00,4513.76,61.53
2019-08-24 08:00:00,4734.68,57.905
2019-08-24 09:00:00,4610.38,12.57
2019-08-24 10:00:00,4301.245,14.515
2019-08-24 11:00:00,3894.875,6.1850000000000005
2019-08-24 12:00:00,3584.62,3.84
2019-08-24 13:00:00,3482.365,7.925
2019-08-24 14:00:00,3552.475,5.98
2019-08-24 15:00:00,4003.8150000000005,44.36
2019-08-24 16:00:00,4496.53,63.55499999999999
2019-08-24 17:00:00,4933.695,98.435
2019-08-24 18:00:00,5373.014999999999,126.565
2019-08-24 19:00:00,5419.785,107.545
2019-08-24 20:00:00,5281.505,107.62
2019-08-24 21:00:00,5181.965,105.72999999999999
2019-08-24 22:00:00,5003.665,83.435
2019-08-24 23:00:00,4916.165,99.57
2019-08-25 00:00:00,4857.73,97.15
2019-08-25 01:00:00,4516.64,86.28999999999999
2019-08-25 02:00:00,4245.9,65.91499999999999
2019-08-25 03:00:00,4057.2799999999997,57.864999999999995
2019-08-25 04:00:00,3960.66,56.53
2019-08-25 05:00:00,3958.515,52.185
2019-08-25 06:00:00,4122.46,84.09
2019-08-25 07:00:00,4373.85,93.93
2019-08-25 08:00:00,4658.545,83.81
2019-08-25 09:00:00,4670.48,64.545
2019-08-25 10:00:00,4480.355,29.950000000000003
2019-08-25 11:00:00,4329.445,47.85
2019-08-25 12:00:00,4297.405000000001,24.455
2019-08-25 13:00:00,4287.610000000001,54.36
2019-08-25 14:00:00,4307.5650000000005,55.334999999999994
2019-08-25 15:00:00,4440.82,69.265
2019-08-25 16:00:00,4725.465,92.215
2019-08-25 17:00:00,5285.92,153.0
2019-08-25 18:00:00,6020.5599999999995,281.95000000000005
2019-08-25 19:00:00,6225.37,275.04499999999996
2019-08-25 20:00:00,5961.98,291.605
2019-08-25 21:00:00,5714.62,258.71
2019-08-25 22:00:00,5376.52,130.29
2019-08-25 23:00:00,5104.605,102.50999999999999
2019-08-31 00:00:00,5265.89,96.555
2019-08-31 01:00:00,4870.73,83.185
2019-08-31 02:00:00,4536.87,68.58500000000001
2019-08-31 03:00:00,4291.0650000000005,60.275000000000006
2019-08-31 04:00:00,4184.385,50.96
2019-08-31 05:00:00,4186.85,50.290000000000006
2019-08-31 06:00:00,4426.57,62.105000000000004
2019-08-31 07:00:00,4791.71,85.475
2019-08-31 08:00:00,4938.52,94.485
2019-08-31 09:00:00,4792.915,77.355
2019-08-31 10:00:00,4340.63,29.62
2019-08-31 11:00:00,3873.245,-14.515
2019-08-31 12:00:00,3482.135,-56.91
2019-08-31 13:00:00,3374.64,-24.994999999999997
2019-08-31 14:00:00,3423.56,-19.105
2019-08-31 15:00:00,3607.48,-1.5149999999999997
2019-08-31 16:00:00,3941.795,44.765
2019-08-31 17:00:00,4474.99,143.51
2019-08-31 18:00:00,5207.04,239.325
2019-08-31 19:00:00,5519.495000000001,178.16
2019-08-31 20:00:00,5316.025,130.79000000000002
2019-08-31 21:00:00,5099.13,111.22
2019-08-31 22:00:00,4851.7,111.24000000000001
2019-08-31 23:00:00,4818.66,110.495
