REGION,SETTLEMENTDATE,TOTALDEMAND,RRP,PERIODTYPE
VIC1,2016/09/01 00:30:00,5202.29,25.20,TRADE
VIC1,2016/09/01 01:00:00,4968.7,25.20,TRADE
VIC1,2016/09/01 01:30:00,4771.88,23.53,TRADE
VIC1,2016/09/01 02:00:00,4568.04,23.64,TRADE
VIC1,2016/09/01 02:30:00,4426.81,23.36,TRADE
VIC1,2016/09/01 03:00:00,4343.46,22.20,TRADE
VIC1,2016/09/01 03:30:00,4272.83,22.61,TRADE
VIC1,2016/09/01 04:00:00,4252.25,16.75,TRADE
VIC1,2016/09/01 04:30:00,4277.69,18.72,TRADE
VIC1,2016/09/01 05:00:00,4332.54,22.47,TRADE
VIC1,2016/09/01 05:30:00,4524.16,38.03,TRADE
VIC1,2016/09/01 06:00:00,4773.78,34.05,TRADE
VIC1,2016/09/01 06:30:00,5250.24,48.60,TRADE
VIC1,2016/09/01 07:00:00,5661.42,95.60,TRADE
VIC1,2016/09/01 07:30:00,5905.88,54.23,TRADE
VIC1,2016/09/01 08:00:00,6111.66,62.47,TRADE
VIC1,2016/09/01 08:30:00,6178.6,61.27,TRADE
VIC1,2016/09/01 09:00:00,6096.04,53.26,TRADE
VIC1,2016/09/01 09:30:00,6108.92,51.42,TRADE
VIC1,2016/09/01 10:00:00,5986.1,50.56,TRADE
VIC1,2016/09/01 10:30:00,5839.85,50.27,TRADE
VIC1,2016/09/01 11:00:00,5791.94,50.73,TRADE
VIC1,2016/09/01 11:30:00,5747.08,49.88,TRADE
VIC1,2016/09/01 12:00:00,5775.96,50.78,TRADE
VIC1,2016/09/01 12:30:00,5797.5,50.56,TRADE
VIC1,2016/09/01 13:00:00,5772.19,49.60,TRADE
VIC1,2016/09/01 13:30:00,5826.13,52.14,TRADE
VIC1,2016/09/01 14:00:00,5812.4,53.96,TRADE
VIC1,2016/09/01 14:30:00,5811.13,55.43,TRADE
VIC1,2016/09/01 15:00:00,5752.04,50.31,TRADE
VIC1,2016/09/01 15:30:00,5705.64,50.58,TRADE
VIC1,2016/09/01 16:00:00,5833.8,54.62,TRADE
VIC1,2016/09/01 16:30:00,5937.5,47.15,TRADE
VIC1,2016/09/01 17:00:00,6130.26,49.75,TRADE
VIC1,2016/09/01 17:30:00,6283.28,47.29,TRADE
VIC1,2016/09/01 18:00:00,6518.56,61.78,TRADE
VIC1,2016/09/01 18:30:00,6670.7,71.27,TRADE
VIC1,2016/09/01 19:00:00,6716.74,71.06,TRADE
VIC1,2016/09/01 19:30:00,6544.39,56.66,TRADE
VIC1,2016/09/01 20:00:00,6402.25,50.30,TRADE
VIC1,2016/09/01 20:30:00,6245.45,48.41,TRADE
VIC1,2016/09/01 21:00:00,6097.96,37.85,TRADE
VIC1,2016/09/01 21:30:00,5905.89,38.17,TRADE
VIC1,2016/09/01 22:00:00,5631.66,31.07,TRADE
VIC1,2016/09/01 22:30:00,5452.78,50.70,TRADE
VIC1,2016/09/01 23:00:00,5371.76,47.80,TRADE
VIC1,2016/09/01 23:30:00,5620.54,45.04,TRADE
VIC1,2016/09/02 00:00:00,5581.25,45.69,TRADE
VIC1,2016/09/02 00:30:00,5339.31,38.26,TRADE
VIC1,2016/09/02 01:00:00,5123.25,31.41,TRADE
VIC1,2016/09/02 01:30:00,4938.15,30.10,TRADE
VIC1,2016/09/02 02:00:00,4764.59,25.52,TRADE
VIC1,2016/09/02 02:30:00,4633.32,27.04,TRADE
VIC1,2016/09/02 03:00:00,4471.08,25.63,TRADE
VIC1,2016/09/02 03:30:00,4454.49,25.20,TRADE
VIC1,2016/09/02 04:00:00,4401.22,25.20,TRADE
VIC1,2016/09/02 04:30:00,4391,25.04,TRADE
VIC1,2016/09/02 05:00:00,4436.23,25.20,TRADE
VIC1,2016/09/02 05:30:00,4622.34,27.67,TRADE
VIC1,2016/09/02 06:00:00,4886.79,29.38,TRADE
VIC1,2016/09/02 06:30:00,5402.8,46.80,TRADE
VIC1,2016/09/02 07:00:00,5752.82,67.93,TRADE
VIC1,2016/09/02 07:30:00,5999.47,60.82,TRADE
VIC1,2016/09/02 08:00:00,6273,83.73,TRADE
VIC1,2016/09/02 08:30:00,6383.77,85.19,TRADE
VIC1,2016/09/02 09:00:00,6322.33,69.51,TRADE
VIC1,2016/09/02 09:30:00,6303.9,77.95,TRADE
VIC1,2016/09/02 10:00:00,6223.93,71.55,TRADE
VIC1,2016/09/02 10:30:00,6148.18,78.66,TRADE
VIC1,2016/09/02 11:00:00,6095.58,73.61,TRADE
VIC1,2016/09/02 11:30:00,6084.55,65.23,TRADE
VIC1,2016/09/02 12:00:00,6002.5,63.14,TRADE
VIC1,2016/09/02 12:30:00,5928.77,60.76,TRADE
VIC1,2016/09/02 13:00:00,5931.95,60.58,TRADE
VIC1,2016/09/02 13:30:00,5924.08,66.80,TRADE
VIC1,2016/09/02 14:00:00,5765.99,63.42,TRADE
VIC1,2016/09/02 14:30:00,5830.47,57.31,TRADE
VIC1,2016/09/02 15:00:00,5744.77,51.32,TRADE
VIC1,2016/09/02 15:30:00,5677.05,43.50,TRADE
VIC1,2016/09/02 16:00:00,5737.19,49.79,TRADE
VIC1,2016/09/02 16:30:00,5854.87,59.55,TRADE
VIC1,2016/09/02 17:00:00,5987.21,60.88,TRADE
VIC1,2016/09/02 17:30:00,6155.22,59.74,TRADE
VIC1,2016/09/02 18:00:00,6339.37,63.67,TRADE
VIC1,2016/09/02 18:30:00,6462.4,68.13,TRADE
VIC1,2016/09/02 19:00:00,6488.58,65.98,TRADE
VIC1,2016/09/02 19:30:00,6244.27,51.87,TRADE
VIC1,2016/09/02 20:00:00,6125.91,60.97,TRADE
VIC1,2016/09/02 20:30:00,5983.39,56.60,TRADE
VIC1,2016/09/02 21:00:00,5912.33,47.80,TRADE
VIC1,2016/09/02 21:30:00,5708.11,35.67,TRADE
VIC1,2016/09/02 22:00:00,5485.09,29.42,TRADE
VIC1,2016/09/02 22:30:00,5357.46,40.47,TRADE
VIC1,2016/09/02 23:00:00,5310.69,30.89,TRADE
VIC1,2016/09/02 23:30:00,5555.63,30.97,TRADE
VIC1,2016/09/03 00:00:00,5583.73,40.24,TRADE
VIC1,2016/09/03 00:30:00,5313.96,31.50,TRADE
VIC1,2016/09/03 01:00:00,5079.42,30.57,TRADE
VIC1,2016/09/03 01:30:00,4851.65,29.33,TRADE
VIC1,2016/09/03 02:00:00,4699.34,28.96,TRADE
VIC1,2016/09/03 02:30:00,4513.17,30.63,TRADE
VIC1,2016/09/03 03:00:00,4356.71,26.45,TRADE
VIC1,2016/09/03 03:30:00,4095.63,24.52,TRADE
VIC1,2016/09/03 04:00:00,4084.8,25.20,TRADE
VIC1,2016/09/03 04:30:00,4134.92,25.20,TRADE
VIC1,2016/09/03 05:00:00,4184.79,25.32,TRADE
VIC1,2016/09/03 05:30:00,4250.71,26.13,TRADE
VIC1,2016/09/03 06:00:00,4364.41,25.39,TRADE
VIC1,2016/09/03 06:30:00,4585.5,29.83,TRADE
VIC1,2016/09/03 07:00:00,4743.42,31.57,TRADE
VIC1,2016/09/03 07:30:00,4786.6,31.89,TRADE
VIC1,2016/09/03 08:00:00,4980.1,36.35,TRADE
VIC1,2016/09/03 08:30:00,5265.04,58.03,TRADE
VIC1,2016/09/03 09:00:00,5327.18,59.56,TRADE
VIC1,2016/09/03 09:30:00,5358.25,58.50,TRADE
VIC1,2016/09/03 10:00:00,5258.14,43.53,TRADE
VIC1,2016/09/03 10:30:00,5211.26,40.43,TRADE
VIC1,2016/09/03 11:00:00,5051.16,27.14,TRADE
VIC1,2016/09/03 11:30:00,4893.56,28.26,TRADE
VIC1,2016/09/03 12:00:00,4834.44,24.61,TRADE
VIC1,2016/09/03 12:30:00,4737.4,21.30,TRADE
VIC1,2016/09/03 13:00:00,4708.54,21.43,TRADE
VIC1,2016/09/03 13:30:00,4698.34,19.35,TRADE
VIC1,2016/09/03 14:00:00,4719.87,19.35,TRADE
VIC1,2016/09/03 14:30:00,4789.91,20.39,TRADE
VIC1,2016/09/03 15:00:00,4795.63,20.61,TRADE
VIC1,2016/09/03 15:30:00,4827.97,21.30,TRADE
VIC1,2016/09/03 16:00:00,4855.46,22.78,TRADE
VIC1,2016/09/03 16:30:00,4948.28,23.96,TRADE
VIC1,2016/09/03 17:00:00,5032.81,22.71,TRADE
VIC1,2016/09/03 17:30:00,5224.08,29.68,TRADE
VIC1,2016/09/03 18:00:00,5508.52,36.75,TRADE
VIC1,2016/09/03 18:30:00,5808.12,101.85,TRADE
VIC1,2016/09/03 19:00:00,5832.14,95.07,TRADE
VIC1,2016/09/03 19:30:00,5703.17,60.33,TRADE
VIC1,2016/09/03 20:00:00,5558.61,45.82,TRADE
VIC1,2016/09/03 20:30:00,5402.59,42.64,TRADE
VIC1,2016/09/03 21:00:00,5250.61,32.53,TRADE
VIC1,2016/09/03 21:30:00,5130.93,32.86,TRADE
VIC1,2016/09/03 22:00:00,4974.32,30.69,TRADE
VIC1,2016/09/03 22:30:00,4895.74,27.66,TRADE
VIC1,2016/09/03 23:00:00,4879.75,26.92,TRADE
VIC1,2016/09/03 23:30:00,5153.24,28.02,TRADE
VIC1,2016/09/04 00:00:00,5183.85,33.97,TRADE
VIC1,2016/09/04 00:30:00,4957.56,25.54,TRADE
VIC1,2016/09/04 01:00:00,4707.6,20.98,TRADE
VIC1,2016/09/04 01:30:00,4497.33,24.39,TRADE
VIC1,2016/09/04 02:00:00,4298.53,22.59,TRADE
VIC1,2016/09/04 02:30:00,4125.63,16.42,TRADE
VIC1,2016/09/04 03:00:00,4005.57,18.15,TRADE
VIC1,2016/09/04 03:30:00,3937.45,16.20,TRADE
VIC1,2016/09/04 04:00:00,3881.93,15.85,TRADE
VIC1,2016/09/04 04:30:00,3899.14,23.06,TRADE
VIC1,2016/09/04 05:00:00,3869.47,14.73,TRADE
VIC1,2016/09/04 05:30:00,3916.24,18.17,TRADE
VIC1,2016/09/04 06:00:00,3984.39,19.90,TRADE
VIC1,2016/09/04 06:30:00,4180.97,20.39,TRADE
VIC1,2016/09/04 07:00:00,4246.82,11.99,TRADE
VIC1,2016/09/04 07:30:00,4263.02,21.33,TRADE
VIC1,2016/09/04 08:00:00,4446.08,19.14,TRADE
VIC1,2016/09/04 08:30:00,4571.83,21.24,TRADE
VIC1,2016/09/04 09:00:00,4573.11,16.36,TRADE
VIC1,2016/09/04 09:30:00,4566.73,16.74,TRADE
VIC1,2016/09/04 10:00:00,4525.16,18,TRADE
VIC1,2016/09/04 10:30:00,4466.78,14.86,TRADE
VIC1,2016/09/04 11:00:00,4432.76,20.14,TRADE
VIC1,2016/09/04 11:30:00,4364.74,16.18,TRADE
VIC1,2016/09/04 12:00:00,4325.64,11.45,TRADE
VIC1,2016/09/04 12:30:00,4350.12,13.35,TRADE
VIC1,2016/09/04 13:00:00,4333.07,12.40,TRADE
VIC1,2016/09/04 13:30:00,4384.48,10.50,TRADE
VIC1,2016/09/04 14:00:00,4415.03,14.30,TRADE
VIC1,2016/09/04 14:30:00,4475.39,18.08,TRADE
VIC1,2016/09/04 15:00:00,4534.3,19.62,TRADE
VIC1,2016/09/04 15:30:00,4616.71,22.03,TRADE
VIC1,2016/09/04 16:00:00,4705.92,26.97,TRADE
VIC1,2016/09/04 16:30:00,4821.11,22.80,TRADE
VIC1,2016/09/04 17:00:00,5004.24,24.37,TRADE
VIC1,2016/09/04 17:30:00,5188.47,30.58,TRADE
VIC1,2016/09/04 18:00:00,5385.41,24.20,TRADE
VIC1,2016/09/04 18:30:00,5643.76,55.66,TRADE
VIC1,2016/09/04 19:00:00,5671.93,56.79,TRADE
VIC1,2016/09/04 19:30:00,5545.89,44.44,TRADE
VIC1,2016/09/04 20:00:00,5445.98,46.29,TRADE
VIC1,2016/09/04 20:30:00,5357.07,37.93,TRADE
VIC1,2016/09/04 21:00:00,5262.07,45.20,TRADE
VIC1,2016/09/04 21:30:00,5110.09,45.20,TRADE
VIC1,2016/09/04 22:00:00,4934.91,32.78,TRADE
VIC1,2016/09/04 22:30:00,4788.23,12.81,TRADE
VIC1,2016/09/04 23:00:00,4740.79,11.01,TRADE
VIC1,2016/09/04 23:30:00,5028.71,25.72,TRADE
VIC1,2016/09/05 00:00:00,5061.73,20.13,TRADE
VIC1,2016/09/05 00:30:00,4855.6,21.04,TRADE
VIC1,2016/09/05 01:00:00,4628.57,10.61,TRADE
VIC1,2016/09/05 01:30:00,4465.24,14.36,TRADE
VIC1,2016/09/05 02:00:00,4277.27,10.28,TRADE
VIC1,2016/09/05 02:30:00,4143.82,10.50,TRADE
VIC1,2016/09/05 03:00:00,4056.39,10.50,TRADE
VIC1,2016/09/05 03:30:00,3987.87,10.50,TRADE
VIC1,2016/09/05 04:00:00,3968.8,10.50,TRADE
VIC1,2016/09/05 04:30:00,3944.87,9.63,TRADE
VIC1,2016/09/05 05:00:00,4024.32,10.50,TRADE
VIC1,2016/09/05 05:30:00,4242.75,11.45,TRADE
VIC1,2016/09/05 06:00:00,4513.28,22.20,TRADE
VIC1,2016/09/05 06:30:00,4982.13,36.37,TRADE
VIC1,2016/09/05 07:00:00,5398.43,104.57,TRADE
VIC1,2016/09/05 07:30:00,5668.09,65.47,TRADE
VIC1,2016/09/05 08:00:00,5913.27,85.08,TRADE
VIC1,2016/09/05 08:30:00,5952.02,82.79,TRADE
VIC1,2016/09/05 09:00:00,5807.21,47.23,TRADE
VIC1,2016/09/05 09:30:00,5722.82,39.44,TRADE
VIC1,2016/09/05 10:00:00,5609.1,29.94,TRADE
VIC1,2016/09/05 10:30:00,5539.41,27.51,TRADE
VIC1,2016/09/05 11:00:00,5507.5,25.41,TRADE
VIC1,2016/09/05 11:30:00,5443.35,23.61,TRADE
VIC1,2016/09/05 12:00:00,5442.63,24.75,TRADE
VIC1,2016/09/05 12:30:00,5453.63,25.20,TRADE
VIC1,2016/09/05 13:00:00,5437.95,25.20,TRADE
VIC1,2016/09/05 13:30:00,5469.15,26.88,TRADE
VIC1,2016/09/05 14:00:00,5482.18,26.52,TRADE
VIC1,2016/09/05 14:30:00,5484.93,29.31,TRADE
VIC1,2016/09/05 15:00:00,5485.28,32.65,TRADE
VIC1,2016/09/05 15:30:00,5475.5,30.56,TRADE
VIC1,2016/09/05 16:00:00,5527.37,35.16,TRADE
VIC1,2016/09/05 16:30:00,5606.59,28.08,TRADE
VIC1,2016/09/05 17:00:00,5732.56,27.84,TRADE
VIC1,2016/09/05 17:30:00,5890,38.85,TRADE
VIC1,2016/09/05 18:00:00,6142.29,64.18,TRADE
VIC1,2016/09/05 18:30:00,6384.46,164.32,TRADE
VIC1,2016/09/05 19:00:00,6451.03,77.25,TRADE
VIC1,2016/09/05 19:30:00,6284.6,51.66,TRADE
VIC1,2016/09/05 20:00:00,6174.26,45.40,TRADE
VIC1,2016/09/05 20:30:00,6015.43,42.52,TRADE
VIC1,2016/09/05 21:00:00,5861.13,43.31,TRADE
VIC1,2016/09/05 21:30:00,5659.22,39.51,TRADE
VIC1,2016/09/05 22:00:00,5449.11,24.92,TRADE
VIC1,2016/09/05 22:30:00,5301.99,27.60,TRADE
VIC1,2016/09/05 23:00:00,5183.23,20.67,TRADE
VIC1,2016/09/05 23:30:00,5443.27,27.12,TRADE
VIC1,2016/09/06 00:00:00,5469.33,26.19,TRADE
VIC1,2016/09/06 00:30:00,5153.71,22.21,TRADE
VIC1,2016/09/06 01:00:00,4942.43,25.20,TRADE
VIC1,2016/09/06 01:30:00,4812.66,25.20,TRADE
VIC1,2016/09/06 02:00:00,4602.28,19.70,TRADE
VIC1,2016/09/06 02:30:00,4472.95,15.80,TRADE
VIC1,2016/09/06 03:00:00,4368.05,12.51,TRADE
VIC1,2016/09/06 03:30:00,4276.67,11.02,TRADE
VIC1,2016/09/06 04:00:00,4236.77,10.07,TRADE
VIC1,2016/09/06 04:30:00,4209.01,10.50,TRADE
VIC1,2016/09/06 05:00:00,4280.38,11.48,TRADE
VIC1,2016/09/06 05:30:00,4544.72,20.67,TRADE
VIC1,2016/09/06 06:00:00,4772.99,23.09,TRADE
VIC1,2016/09/06 06:30:00,5260.45,25.93,TRADE
VIC1,2016/09/06 07:00:00,5729.08,51.54,TRADE
VIC1,2016/09/06 07:30:00,5908.21,35.41,TRADE
VIC1,2016/09/06 08:00:00,6103.59,39.30,TRADE
VIC1,2016/09/06 08:30:00,6095.88,34.24,TRADE
VIC1,2016/09/06 09:00:00,5985.39,30.47,TRADE
VIC1,2016/09/06 09:30:00,5891.94,30.01,TRADE
VIC1,2016/09/06 10:00:00,5715.33,29.96,TRADE
VIC1,2016/09/06 10:30:00,5579.09,28.58,TRADE
VIC1,2016/09/06 11:00:00,5474.92,26.52,TRADE
VIC1,2016/09/06 11:30:00,5439.99,24.19,TRADE
VIC1,2016/09/06 12:00:00,5447.52,25.71,TRADE
VIC1,2016/09/06 12:30:00,5428.5,24.92,TRADE
VIC1,2016/09/06 13:00:00,5436.94,22.78,TRADE
VIC1,2016/09/06 13:30:00,5456.34,25.34,TRADE
VIC1,2016/09/06 14:00:00,5501.03,22.03,TRADE
VIC1,2016/09/06 14:30:00,5508.47,25.38,TRADE
VIC1,2016/09/06 15:00:00,5480.33,25.94,TRADE
VIC1,2016/09/06 15:30:00,5510.82,26.49,TRADE
VIC1,2016/09/06 16:00:00,5588.67,28.82,TRADE
VIC1,2016/09/06 16:30:00,5673.12,26.39,TRADE
VIC1,2016/09/06 17:00:00,5650.54,26.49,TRADE
VIC1,2016/09/06 17:30:00,5840.66,30.70,TRADE
VIC1,2016/09/06 18:00:00,6028.8,43.92,TRADE
VIC1,2016/09/06 18:30:00,6181.86,57.90,TRADE
VIC1,2016/09/06 19:00:00,6296.72,57.05,TRADE
VIC1,2016/09/06 19:30:00,6188.27,39.18,TRADE
VIC1,2016/09/06 20:00:00,6031.87,34.60,TRADE
VIC1,2016/09/06 20:30:00,5920.09,29.45,TRADE
VIC1,2016/09/06 21:00:00,5793.88,29.09,TRADE
VIC1,2016/09/06 21:30:00,5625.31,27.64,TRADE
VIC1,2016/09/06 22:00:00,5413.55,23.33,TRADE
VIC1,2016/09/06 22:30:00,5271.36,28.80,TRADE
VIC1,2016/09/06 23:00:00,5122.92,29.81,TRADE
VIC1,2016/09/06 23:30:00,5361.34,33.99,TRADE
VIC1,2016/09/07 00:00:00,5371.32,32.26,TRADE
VIC1,2016/09/07 00:30:00,5102.69,28.38,TRADE
VIC1,2016/09/07 01:00:00,4898.72,27.16,TRADE
VIC1,2016/09/07 01:30:00,4738.66,27.06,TRADE
VIC1,2016/09/07 02:00:00,4589.29,22.91,TRADE
VIC1,2016/09/07 02:30:00,4399.91,13.55,TRADE
VIC1,2016/09/07 03:00:00,4292.51,15.70,TRADE
VIC1,2016/09/07 03:30:00,4240.68,14.17,TRADE
VIC1,2016/09/07 04:00:00,4201.69,13.74,TRADE
VIC1,2016/09/07 04:30:00,4229.13,11.19,TRADE
VIC1,2016/09/07 05:00:00,4262.54,14.36,TRADE
VIC1,2016/09/07 05:30:00,4453.57,17.71,TRADE
VIC1,2016/09/07 06:00:00,4738.96,17.66,TRADE
VIC1,2016/09/07 06:30:00,5206.52,50.17,TRADE
VIC1,2016/09/07 07:00:00,5572.65,46.15,TRADE
VIC1,2016/09/07 07:30:00,5736.39,30.46,TRADE
VIC1,2016/09/07 08:00:00,5881.14,36.93,TRADE
VIC1,2016/09/07 08:30:00,5877.84,35.69,TRADE
VIC1,2016/09/07 09:00:00,5734.43,32.61,TRADE
VIC1,2016/09/07 09:30:00,5633.28,29.83,TRADE
VIC1,2016/09/07 10:00:00,5485.65,26.43,TRADE
VIC1,2016/09/07 10:30:00,5394.91,26.89,TRADE
VIC1,2016/09/07 11:00:00,5258.79,27.25,TRADE
VIC1,2016/09/07 11:30:00,5238.16,27.83,TRADE
VIC1,2016/09/07 12:00:00,5223.6,27.74,TRADE
VIC1,2016/09/07 12:30:00,5173.21,26.50,TRADE
VIC1,2016/09/07 13:00:00,5192.45,25.97,TRADE
VIC1,2016/09/07 13:30:00,5211.7,24.98,TRADE
VIC1,2016/09/07 14:00:00,5235.28,24.64,TRADE
VIC1,2016/09/07 14:30:00,5233.96,24.34,TRADE
VIC1,2016/09/07 15:00:00,5206.15,20.85,TRADE
VIC1,2016/09/07 15:30:00,5223.49,17.81,TRADE
VIC1,2016/09/07 16:00:00,5271.22,19.90,TRADE
VIC1,2016/09/07 16:30:00,5340.16,20.98,TRADE
VIC1,2016/09/07 17:00:00,5435.6,22.74,TRADE
VIC1,2016/09/07 17:30:00,5434.69,25.11,TRADE
VIC1,2016/09/07 18:00:00,5542.02,25.95,TRADE
VIC1,2016/09/07 18:30:00,5667.39,26.61,TRADE
VIC1,2016/09/07 19:00:00,5799.71,26.83,TRADE
VIC1,2016/09/07 19:30:00,5681.93,22.18,TRADE
VIC1,2016/09/07 20:00:00,5516.33,19.51,TRADE
VIC1,2016/09/07 20:30:00,5404.24,17.97,TRADE
VIC1,2016/09/07 21:00:00,5221.77,16.24,TRADE
VIC1,2016/09/07 21:30:00,5044.18,15.79,TRADE
VIC1,2016/09/07 22:00:00,4834.32,15.22,TRADE
VIC1,2016/09/07 22:30:00,4699.99,19.48,TRADE
VIC1,2016/09/07 23:00:00,4599.96,11.21,TRADE
VIC1,2016/09/07 23:30:00,4881.26,13.29,TRADE
VIC1,2016/09/08 00:00:00,4851.63,11.65,TRADE
VIC1,2016/09/08 00:30:00,4615.37,-11.50,TRADE
VIC1,2016/09/08 01:00:00,4391.47,11.24,TRADE
VIC1,2016/09/08 01:30:00,4208.46,-8.90,TRADE
VIC1,2016/09/08 02:00:00,4105.53,-11.11,TRADE
VIC1,2016/09/08 02:30:00,3991.18,-23.83,TRADE
VIC1,2016/09/08 03:00:00,3807.88,-19.94,TRADE
VIC1,2016/09/08 03:30:00,3754.25,-34.10,TRADE
VIC1,2016/09/08 04:00:00,3753.18,-28.56,TRADE
VIC1,2016/09/08 04:30:00,3738.22,-36.07,TRADE
VIC1,2016/09/08 05:00:00,3798.25,-31.27,TRADE
VIC1,2016/09/08 05:30:00,3948.24,-16.89,TRADE
VIC1,2016/09/08 06:00:00,4148.11,-13.86,TRADE
VIC1,2016/09/08 06:30:00,4525.36,15.76,TRADE
VIC1,2016/09/08 07:00:00,4883.44,19.70,TRADE
VIC1,2016/09/08 07:30:00,5093.54,16.57,TRADE
VIC1,2016/09/08 08:00:00,5277.58,17.52,TRADE
VIC1,2016/09/08 08:30:00,5332.09,18.72,TRADE
VIC1,2016/09/08 09:00:00,5221.27,16.14,TRADE
VIC1,2016/09/08 09:30:00,5153.19,17.44,TRADE
VIC1,2016/09/08 10:00:00,5097.31,17.50,TRADE
VIC1,2016/09/08 10:30:00,5056.83,17.37,TRADE
VIC1,2016/09/08 11:00:00,5067.96,17.34,TRADE
VIC1,2016/09/08 11:30:00,5022.49,17.31,TRADE
VIC1,2016/09/08 12:00:00,5014.14,17.45,TRADE
VIC1,2016/09/08 12:30:00,5029.51,22.07,TRADE
VIC1,2016/09/08 13:00:00,4964.35,22.34,TRADE
VIC1,2016/09/08 13:30:00,5079.98,19.33,TRADE
VIC1,2016/09/08 14:00:00,5064.66,18.72,TRADE
VIC1,2016/09/08 14:30:00,5129.98,19.33,TRADE
VIC1,2016/09/08 15:00:00,5170.24,19.26,TRADE
VIC1,2016/09/08 15:30:00,5212.72,17.61,TRADE
VIC1,2016/09/08 16:00:00,5336.45,20.46,TRADE
VIC1,2016/09/08 16:30:00,5407.94,19.56,TRADE
VIC1,2016/09/08 17:00:00,5519.46,22.16,TRADE
VIC1,2016/09/08 17:30:00,5547.67,24.04,TRADE
VIC1,2016/09/08 18:00:00,5693.84,32.99,TRADE
VIC1,2016/09/08 18:30:00,5831.36,32.77,TRADE
VIC1,2016/09/08 19:00:00,5827.26,30.84,TRADE
VIC1,2016/09/08 19:30:00,5700.94,28.68,TRADE
VIC1,2016/09/08 20:00:00,5627.76,27.67,TRADE
VIC1,2016/09/08 20:30:00,5514.42,24.10,TRADE
VIC1,2016/09/08 21:00:00,5355.3,16.45,TRADE
VIC1,2016/09/08 21:30:00,5107.62,16.65,TRADE
VIC1,2016/09/08 22:00:00,4943.8,16.95,TRADE
VIC1,2016/09/08 22:30:00,4840.1,24.11,TRADE
VIC1,2016/09/08 23:00:00,4738.27,14.78,TRADE
VIC1,2016/09/08 23:30:00,4945.3,14.19,TRADE
VIC1,2016/09/09 00:00:00,4969.81,10.39,TRADE
VIC1,2016/09/09 00:30:00,4751.36,10.12,TRADE
VIC1,2016/09/09 01:00:00,4609.89,11.90,TRADE
VIC1,2016/09/09 01:30:00,4385.67,10.47,TRADE
VIC1,2016/09/09 02:00:00,4245.7,10.37,TRADE
VIC1,2016/09/09 02:30:00,4025.42,12.87,TRADE
VIC1,2016/09/09 03:00:00,3979.75,8.32,TRADE
VIC1,2016/09/09 03:30:00,3878.75,6.35,TRADE
VIC1,2016/09/09 04:00:00,3897.25,13.68,TRADE
VIC1,2016/09/09 04:30:00,3909.33,14.63,TRADE
VIC1,2016/09/09 05:00:00,4102.91,14.97,TRADE
VIC1,2016/09/09 05:30:00,4233.66,14.40,TRADE
VIC1,2016/09/09 06:00:00,4444.24,14.50,TRADE
VIC1,2016/09/09 06:30:00,4878.95,22.87,TRADE
VIC1,2016/09/09 07:00:00,5245.38,23.36,TRADE
VIC1,2016/09/09 07:30:00,5473.97,23.35,TRADE
VIC1,2016/09/09 08:00:00,5751.02,30.81,TRADE
VIC1,2016/09/09 08:30:00,5846.29,30.82,TRADE
VIC1,2016/09/09 09:00:00,5815.68,27.33,TRADE
VIC1,2016/09/09 09:30:00,5822.15,26.20,TRADE
VIC1,2016/09/09 10:00:00,5880.86,25.78,TRADE
VIC1,2016/09/09 10:30:00,5765.19,25.50,TRADE
VIC1,2016/09/09 11:00:00,5698.24,23.58,TRADE
VIC1,2016/09/09 11:30:00,5641.88,23.32,TRADE
VIC1,2016/09/09 12:00:00,5601.88,21.58,TRADE
VIC1,2016/09/09 12:30:00,5590.26,18.95,TRADE
VIC1,2016/09/09 13:00:00,5595.75,21.80,TRADE
VIC1,2016/09/09 13:30:00,5654.04,24.98,TRADE
VIC1,2016/09/09 14:00:00,5634.27,21.61,TRADE
VIC1,2016/09/09 14:30:00,5645,21.73,TRADE
VIC1,2016/09/09 15:00:00,5661.87,23.89,TRADE
VIC1,2016/09/09 15:30:00,5690.77,25.89,TRADE
VIC1,2016/09/09 16:00:00,5756.03,27.82,TRADE
VIC1,2016/09/09 16:30:00,5745.01,25.88,TRADE
VIC1,2016/09/09 17:00:00,5844.85,29.75,TRADE
VIC1,2016/09/09 17:30:00,5916.14,32.33,TRADE
VIC1,2016/09/09 18:00:00,5946.47,36.88,TRADE
VIC1,2016/09/09 18:30:00,6007.03,34.28,TRADE
VIC1,2016/09/09 19:00:00,5977.12,30.02,TRADE
VIC1,2016/09/09 19:30:00,5820.22,26.34,TRADE
VIC1,2016/09/09 20:00:00,5630.68,25.52,TRADE
VIC1,2016/09/09 20:30:00,5472.2,27.25,TRADE
VIC1,2016/09/09 21:00:00,5361.98,26.42,TRADE
VIC1,2016/09/09 21:30:00,5205.8,25.66,TRADE
VIC1,2016/09/09 22:00:00,5067.63,25.67,TRADE
VIC1,2016/09/09 22:30:00,4818.29,40.50,TRADE
VIC1,2016/09/09 23:00:00,4861.37,28.63,TRADE
VIC1,2016/09/09 23:30:00,5107.2,27.86,TRADE
VIC1,2016/09/10 00:00:00,5075.72,31.78,TRADE
VIC1,2016/09/10 00:30:00,4818.76,25.56,TRADE
VIC1,2016/09/10 01:00:00,4601.3,23.28,TRADE
VIC1,2016/09/10 01:30:00,4405.9,25.20,TRADE
VIC1,2016/09/10 02:00:00,4227.63,23.16,TRADE
VIC1,2016/09/10 02:30:00,4072.56,25.09,TRADE
VIC1,2016/09/10 03:00:00,3945.39,25.01,TRADE
VIC1,2016/09/10 03:30:00,3818.18,24.39,TRADE
VIC1,2016/09/10 04:00:00,3850.88,24.22,TRADE
VIC1,2016/09/10 04:30:00,3849.81,22.31,TRADE
VIC1,2016/09/10 05:00:00,3846.59,21.91,TRADE
VIC1,2016/09/10 05:30:00,3894.52,23.87,TRADE
VIC1,2016/09/10 06:00:00,3975.99,24.42,TRADE
VIC1,2016/09/10 06:30:00,4172.8,25.04,TRADE
VIC1,2016/09/10 07:00:00,4327.27,26.27,TRADE
VIC1,2016/09/10 07:30:00,4404.09,26.92,TRADE
VIC1,2016/09/10 08:00:00,4573.34,32.71,TRADE
VIC1,2016/09/10 08:30:00,4621.84,40.56,TRADE
VIC1,2016/09/10 09:00:00,4742.33,54.28,TRADE
VIC1,2016/09/10 09:30:00,4756.52,61.30,TRADE
VIC1,2016/09/10 10:00:00,4763.43,45.46,TRADE
VIC1,2016/09/10 10:30:00,4731.05,47.14,TRADE
VIC1,2016/09/10 11:00:00,4686.29,40.90,TRADE
VIC1,2016/09/10 11:30:00,4664.1,35.22,TRADE
VIC1,2016/09/10 12:00:00,4636.56,33.05,TRADE
VIC1,2016/09/10 12:30:00,4581.14,33.56,TRADE
VIC1,2016/09/10 13:00:00,4594.97,32.15,TRADE
VIC1,2016/09/10 13:30:00,4593.69,34.57,TRADE
VIC1,2016/09/10 14:00:00,4571.63,30.45,TRADE
VIC1,2016/09/10 14:30:00,4582.98,33.47,TRADE
VIC1,2016/09/10 15:00:00,4550.22,32.23,TRADE
VIC1,2016/09/10 15:30:00,4580.64,34.09,TRADE
VIC1,2016/09/10 16:00:00,4545.85,31.01,TRADE
VIC1,2016/09/10 16:30:00,4623.63,34.78,TRADE
VIC1,2016/09/10 17:00:00,4842.84,35.55,TRADE
VIC1,2016/09/10 17:30:00,5090.68,48.80,TRADE
VIC1,2016/09/10 18:00:00,5376,62.25,TRADE
VIC1,2016/09/10 18:30:00,5610.25,77.34,TRADE
VIC1,2016/09/10 19:00:00,5646.76,78.18,TRADE
VIC1,2016/09/10 19:30:00,5474.55,58.72,TRADE
VIC1,2016/09/10 20:00:00,5359.88,56.04,TRADE
VIC1,2016/09/10 20:30:00,5232.07,46.33,TRADE
VIC1,2016/09/10 21:00:00,5110.49,40.35,TRADE
VIC1,2016/09/10 21:30:00,4977.04,44.51,TRADE
VIC1,2016/09/10 22:00:00,4864.77,39.56,TRADE
VIC1,2016/09/10 22:30:00,4769.5,37.41,TRADE
VIC1,2016/09/10 23:00:00,4735.92,42.45,TRADE
VIC1,2016/09/10 23:30:00,5047.64,43.72,TRADE
VIC1,2016/09/11 00:00:00,5048.41,47.42,TRADE
VIC1,2016/09/11 00:30:00,4816.65,44.57,TRADE
VIC1,2016/09/11 01:00:00,4626.56,48.37,TRADE
VIC1,2016/09/11 01:30:00,4438.92,40.84,TRADE
VIC1,2016/09/11 02:00:00,4252.83,51.92,TRADE
VIC1,2016/09/11 02:30:00,4110.68,53.79,TRADE
VIC1,2016/09/11 03:00:00,3975.44,52.68,TRADE
VIC1,2016/09/11 03:30:00,3916.02,47.81,TRADE
VIC1,2016/09/11 04:00:00,3844.71,40.22,TRADE
VIC1,2016/09/11 04:30:00,3854.17,55.80,TRADE
VIC1,2016/09/11 05:00:00,3839.85,60.61,TRADE
VIC1,2016/09/11 05:30:00,3878.89,61.01,TRADE
VIC1,2016/09/11 06:00:00,3924.93,55.72,TRADE
VIC1,2016/09/11 06:30:00,4057.45,38.66,TRADE
VIC1,2016/09/11 07:00:00,4129.34,33.64,TRADE
VIC1,2016/09/11 07:30:00,4158.59,38.24,TRADE
VIC1,2016/09/11 08:00:00,4235.38,39.63,TRADE
VIC1,2016/09/11 08:30:00,4321.1,40.46,TRADE
VIC1,2016/09/11 09:00:00,4321.71,44.15,TRADE
VIC1,2016/09/11 09:30:00,4309.33,38.76,TRADE
VIC1,2016/09/11 10:00:00,4230.24,33.57,TRADE
VIC1,2016/09/11 10:30:00,4255.03,31.28,TRADE
VIC1,2016/09/11 11:00:00,4236.75,28.61,TRADE
VIC1,2016/09/11 11:30:00,4215.07,30.08,TRADE
VIC1,2016/09/11 12:00:00,4228.37,32.34,TRADE
VIC1,2016/09/11 12:30:00,4254.4,31.87,TRADE
VIC1,2016/09/11 13:00:00,4260.71,30.40,TRADE
VIC1,2016/09/11 13:30:00,4326.23,30.47,TRADE
VIC1,2016/09/11 14:00:00,4378,32.78,TRADE
VIC1,2016/09/11 14:30:00,4447.56,33.40,TRADE
VIC1,2016/09/11 15:00:00,4513.09,35.04,TRADE
VIC1,2016/09/11 15:30:00,4566.59,45.32,TRADE
VIC1,2016/09/11 16:00:00,4611.61,61.24,TRADE
VIC1,2016/09/11 16:30:00,4750.39,54.23,TRADE
VIC1,2016/09/11 17:00:00,4916.33,51.28,TRADE
VIC1,2016/09/11 17:30:00,5096.48,54.53,TRADE
VIC1,2016/09/11 18:00:00,5332.83,60.45,TRADE
VIC1,2016/09/11 18:30:00,5563.46,177.70,TRADE
VIC1,2016/09/11 19:00:00,5690.23,112.10,TRADE
VIC1,2016/09/11 19:30:00,5638.61,71.74,TRADE
VIC1,2016/09/11 20:00:00,5524.84,59.21,TRADE
VIC1,2016/09/11 20:30:00,5399.92,57.34,TRADE
VIC1,2016/09/11 21:00:00,5292.68,51.29,TRADE
VIC1,2016/09/11 21:30:00,5107.2,44.01,TRADE
VIC1,2016/09/11 22:00:00,4929.31,40.76,TRADE
VIC1,2016/09/11 22:30:00,4763.43,46.83,TRADE
VIC1,2016/09/11 23:00:00,4689.93,39.42,TRADE
VIC1,2016/09/11 23:30:00,4970.18,39.92,TRADE
VIC1,2016/09/12 00:00:00,4970.78,44.01,TRADE
VIC1,2016/09/12 00:30:00,4742.22,35.68,TRADE
VIC1,2016/09/12 01:00:00,4583.22,34.61,TRADE
VIC1,2016/09/12 01:30:00,4416.65,32.65,TRADE
VIC1,2016/09/12 02:00:00,4246.46,32.47,TRADE
VIC1,2016/09/12 02:30:00,4115.34,33.70,TRADE
VIC1,2016/09/12 03:00:00,4007.96,31.66,TRADE
VIC1,2016/09/12 03:30:00,3954.38,31.53,TRADE
VIC1,2016/09/12 04:00:00,3949.82,31.63,TRADE
VIC1,2016/09/12 04:30:00,3980.74,28.16,TRADE
VIC1,2016/09/12 05:00:00,4060.52,31.83,TRADE
VIC1,2016/09/12 05:30:00,4257.99,36.18,TRADE
VIC1,2016/09/12 06:00:00,4497.93,49.43,TRADE
VIC1,2016/09/12 06:30:00,4948.12,64.93,TRADE
VIC1,2016/09/12 07:00:00,5407.32,65.71,TRADE
VIC1,2016/09/12 07:30:00,5751.55,46.05,TRADE
VIC1,2016/09/12 08:00:00,6079.32,66.04,TRADE
VIC1,2016/09/12 08:30:00,6169.21,83.31,TRADE
VIC1,2016/09/12 09:00:00,6222.89,141.47,TRADE
VIC1,2016/09/12 09:30:00,6292.35,128.11,TRADE
VIC1,2016/09/12 10:00:00,6194.04,80.97,TRADE
VIC1,2016/09/12 10:30:00,6077.5,168.41,TRADE
VIC1,2016/09/12 11:00:00,6032.8,137.62,TRADE
VIC1,2016/09/12 11:30:00,5943.63,69.39,TRADE
VIC1,2016/09/12 12:00:00,5919.55,67.31,TRADE
VIC1,2016/09/12 12:30:00,5889.95,62.68,TRADE
VIC1,2016/09/12 13:00:00,5799.12,65.04,TRADE
VIC1,2016/09/12 13:30:00,5817.21,65.81,TRADE
VIC1,2016/09/12 14:00:00,5831.65,65.66,TRADE
VIC1,2016/09/12 14:30:00,5846.81,63.34,TRADE
VIC1,2016/09/12 15:00:00,5839.16,59.23,TRADE
VIC1,2016/09/12 15:30:00,5811.07,58.80,TRADE
VIC1,2016/09/12 16:00:00,5862.02,59.49,TRADE
VIC1,2016/09/12 16:30:00,5879.42,57.23,TRADE
VIC1,2016/09/12 17:00:00,5976.19,66.82,TRADE
VIC1,2016/09/12 17:30:00,6184.03,69.93,TRADE
VIC1,2016/09/12 18:00:00,6381.89,80.55,TRADE
VIC1,2016/09/12 18:30:00,6474.07,104.28,TRADE
VIC1,2016/09/12 19:00:00,6515.13,118.73,TRADE
VIC1,2016/09/12 19:30:00,6297.18,64.84,TRADE
VIC1,2016/09/12 20:00:00,6166.83,76.78,TRADE
VIC1,2016/09/12 20:30:00,6046.42,67.65,TRADE
VIC1,2016/09/12 21:00:00,5899.57,62.62,TRADE
VIC1,2016/09/12 21:30:00,5633.69,61.28,TRADE
VIC1,2016/09/12 22:00:00,5404.3,46.53,TRADE
VIC1,2016/09/12 22:30:00,5181.32,57.14,TRADE
VIC1,2016/09/12 23:00:00,5086.25,46.79,TRADE
VIC1,2016/09/12 23:30:00,5288.99,65.45,TRADE
VIC1,2016/09/13 00:00:00,5273.88,54.37,TRADE
VIC1,2016/09/13 00:30:00,5048.19,65.10,TRADE
VIC1,2016/09/13 01:00:00,4807.8,60.26,TRADE
VIC1,2016/09/13 01:30:00,4609.79,47.14,TRADE
VIC1,2016/09/13 02:00:00,4417.89,47.30,TRADE
VIC1,2016/09/13 02:30:00,4233.62,42.52,TRADE
VIC1,2016/09/13 03:00:00,4124.63,32.12,TRADE
VIC1,2016/09/13 03:30:00,4089.12,31.36,TRADE
VIC1,2016/09/13 04:00:00,4029.65,30.99,TRADE
VIC1,2016/09/13 04:30:00,4071.54,32.73,TRADE
VIC1,2016/09/13 05:00:00,4164.59,32.29,TRADE
VIC1,2016/09/13 05:30:00,4338.52,32.54,TRADE
VIC1,2016/09/13 06:00:00,4581.57,38.67,TRADE
VIC1,2016/09/13 06:30:00,5065.13,62.86,TRADE
VIC1,2016/09/13 07:00:00,5488.42,73.64,TRADE
VIC1,2016/09/13 07:30:00,5752.5,54.85,TRADE
VIC1,2016/09/13 08:00:00,6116.5,64.30,TRADE
VIC1,2016/09/13 08:30:00,6266,74.83,TRADE
VIC1,2016/09/13 09:00:00,6297.96,71.31,TRADE
VIC1,2016/09/13 09:30:00,6399.12,84.46,TRADE
VIC1,2016/09/13 10:00:00,6390.34,83.20,TRADE
VIC1,2016/09/13 10:30:00,6304.18,70.16,TRADE
VIC1,2016/09/13 11:00:00,6263.89,57.40,TRADE
VIC1,2016/09/13 11:30:00,6248.52,71.47,TRADE
VIC1,2016/09/13 12:00:00,6278.42,71.08,TRADE
VIC1,2016/09/13 12:30:00,6281.35,71.91,TRADE
VIC1,2016/09/13 13:00:00,6220.24,61.96,TRADE
VIC1,2016/09/13 13:30:00,6256.91,62.78,TRADE
VIC1,2016/09/13 14:00:00,6198.35,74.23,TRADE
VIC1,2016/09/13 14:30:00,6156.19,77.78,TRADE
VIC1,2016/09/13 15:00:00,6162.09,73.93,TRADE
VIC1,2016/09/13 15:30:00,6166.9,77.10,TRADE
VIC1,2016/09/13 16:00:00,6227.4,79.62,TRADE
VIC1,2016/09/13 16:30:00,6257.38,74.99,TRADE
VIC1,2016/09/13 17:00:00,6334.69,67.76,TRADE
VIC1,2016/09/13 17:30:00,6505.51,62.53,TRADE
VIC1,2016/09/13 18:00:00,6516.84,77.05,TRADE
VIC1,2016/09/13 18:30:00,6688.7,89.04,TRADE
VIC1,2016/09/13 19:00:00,6642.26,81.07,TRADE
VIC1,2016/09/13 19:30:00,6386.47,63.60,TRADE
VIC1,2016/09/13 20:00:00,6144.53,65.63,TRADE
VIC1,2016/09/13 20:30:00,5930.27,65.22,TRADE
VIC1,2016/09/13 21:00:00,5733.36,56.44,TRADE
VIC1,2016/09/13 21:30:00,5515.9,44.30,TRADE
VIC1,2016/09/13 22:00:00,5296.42,36.42,TRADE
VIC1,2016/09/13 22:30:00,5128.99,50.06,TRADE
VIC1,2016/09/13 23:00:00,4914.66,34.48,TRADE
VIC1,2016/09/13 23:30:00,5113.13,39.91,TRADE
VIC1,2016/09/14 00:00:00,5167.01,34.42,TRADE
VIC1,2016/09/14 00:30:00,4932.58,29.74,TRADE
VIC1,2016/09/14 01:00:00,4697.82,29.23,TRADE
VIC1,2016/09/14 01:30:00,4496.88,27.28,TRADE
VIC1,2016/09/14 02:00:00,4261.9,25.45,TRADE
VIC1,2016/09/14 02:30:00,4096.49,24.18,TRADE
VIC1,2016/09/14 03:00:00,3973.44,23.53,TRADE
VIC1,2016/09/14 03:30:00,3927.18,21.94,TRADE
VIC1,2016/09/14 04:00:00,3997.66,22.75,TRADE
VIC1,2016/09/14 04:30:00,3981.29,22.98,TRADE
VIC1,2016/09/14 05:00:00,4026.21,22.69,TRADE
VIC1,2016/09/14 05:30:00,4319.01,26.21,TRADE
VIC1,2016/09/14 06:00:00,4560.03,28.57,TRADE
VIC1,2016/09/14 06:30:00,5020.35,51.56,TRADE
VIC1,2016/09/14 07:00:00,5393.7,58.14,TRADE
VIC1,2016/09/14 07:30:00,5590.1,54.10,TRADE
VIC1,2016/09/14 08:00:00,5911.78,83.66,TRADE
VIC1,2016/09/14 08:30:00,6137.14,90.57,TRADE
VIC1,2016/09/14 09:00:00,6171.47,70.54,TRADE
VIC1,2016/09/14 09:30:00,6112.36,72.68,TRADE
VIC1,2016/09/14 10:00:00,6032.54,61.69,TRADE
VIC1,2016/09/14 10:30:00,5801.64,54.94,TRADE
VIC1,2016/09/14 11:00:00,5669.36,54.20,TRADE
VIC1,2016/09/14 11:30:00,5600.55,54.07,TRADE
VIC1,2016/09/14 12:00:00,5579.13,53.70,TRADE
VIC1,2016/09/14 12:30:00,5558.17,54.35,TRADE
VIC1,2016/09/14 13:00:00,5487.13,54.70,TRADE
VIC1,2016/09/14 13:30:00,5533.61,56.15,TRADE
VIC1,2016/09/14 14:00:00,5568.81,59.93,TRADE
VIC1,2016/09/14 14:30:00,5490.31,63.63,TRADE
VIC1,2016/09/14 15:00:00,5560.73,70.62,TRADE
VIC1,2016/09/14 15:30:00,5612.61,54.26,TRADE
VIC1,2016/09/14 16:00:00,5648.32,59.95,TRADE
VIC1,2016/09/14 16:30:00,5810.22,59.31,TRADE
VIC1,2016/09/14 17:00:00,6071.35,64.10,TRADE
VIC1,2016/09/14 17:30:00,6323.01,66.54,TRADE
VIC1,2016/09/14 18:00:00,6459.24,57.35,TRADE
VIC1,2016/09/14 18:30:00,6522.03,74.21,TRADE
VIC1,2016/09/14 19:00:00,6637.02,73.96,TRADE
VIC1,2016/09/14 19:30:00,6493.79,64.22,TRADE
VIC1,2016/09/14 20:00:00,6392.09,63.20,TRADE
VIC1,2016/09/14 20:30:00,6308.72,59.74,TRADE
VIC1,2016/09/14 21:00:00,6141.97,56.50,TRADE
VIC1,2016/09/14 21:30:00,5973.91,56.25,TRADE
VIC1,2016/09/14 22:00:00,5725.65,48.48,TRADE
VIC1,2016/09/14 22:30:00,5528.8,108.36,TRADE
VIC1,2016/09/14 23:00:00,5385,48.43,TRADE
VIC1,2016/09/14 23:30:00,5611.65,50.85,TRADE
VIC1,2016/09/15 00:00:00,5569.59,45.10,TRADE
VIC1,2016/09/15 00:30:00,5376.55,36.43,TRADE
VIC1,2016/09/15 01:00:00,5127.04,31.27,TRADE
VIC1,2016/09/15 01:30:00,4913.96,40.36,TRADE
VIC1,2016/09/15 02:00:00,4693.22,39.89,TRADE
VIC1,2016/09/15 02:30:00,4537.39,30.56,TRADE
VIC1,2016/09/15 03:00:00,4370.52,30.36,TRADE
VIC1,2016/09/15 03:30:00,4229.84,28.13,TRADE
VIC1,2016/09/15 04:00:00,4173.3,28.16,TRADE
VIC1,2016/09/15 04:30:00,4160.42,28.57,TRADE
VIC1,2016/09/15 05:00:00,4180.22,30.55,TRADE
VIC1,2016/09/15 05:30:00,4340.41,31.82,TRADE
VIC1,2016/09/15 06:00:00,4574.23,26.86,TRADE
VIC1,2016/09/15 06:30:00,5027.19,32.06,TRADE
VIC1,2016/09/15 07:00:00,5515.51,52.89,TRADE
VIC1,2016/09/15 07:30:00,5848.85,51.54,TRADE
VIC1,2016/09/15 08:00:00,6155.65,62.02,TRADE
VIC1,2016/09/15 08:30:00,6234.11,66.38,TRADE
VIC1,2016/09/15 09:00:00,6048.54,51.37,TRADE
VIC1,2016/09/15 09:30:00,5962.16,45.92,TRADE
VIC1,2016/09/15 10:00:00,5795.47,42.94,TRADE
VIC1,2016/09/15 10:30:00,5724.88,33.37,TRADE
VIC1,2016/09/15 11:00:00,5678.89,33.51,TRADE
VIC1,2016/09/15 11:30:00,5650.96,30.14,TRADE
VIC1,2016/09/15 12:00:00,5665.49,35.09,TRADE
VIC1,2016/09/15 12:30:00,5643.07,34.54,TRADE
VIC1,2016/09/15 13:00:00,5641.45,31.55,TRADE
VIC1,2016/09/15 13:30:00,5750.12,35.05,TRADE
VIC1,2016/09/15 14:00:00,5813.14,43.14,TRADE
VIC1,2016/09/15 14:30:00,5846.56,36.30,TRADE
VIC1,2016/09/15 15:00:00,5907.9,42.07,TRADE
VIC1,2016/09/15 15:30:00,5953.45,43.01,TRADE
VIC1,2016/09/15 16:00:00,6014.44,43.05,TRADE
VIC1,2016/09/15 16:30:00,6100.26,47.95,TRADE
VIC1,2016/09/15 17:00:00,6251.17,55.01,TRADE
VIC1,2016/09/15 17:30:00,6310.92,43.24,TRADE
VIC1,2016/09/15 18:00:00,6499.68,50.89,TRADE
VIC1,2016/09/15 18:30:00,6618.73,51.87,TRADE
VIC1,2016/09/15 19:00:00,6688.47,58.23,TRADE
VIC1,2016/09/15 19:30:00,6567.97,52.48,TRADE
VIC1,2016/09/15 20:00:00,6464.54,50.60,TRADE
VIC1,2016/09/15 20:30:00,6283.32,49.12,TRADE
VIC1,2016/09/15 21:00:00,6187.64,48.38,TRADE
VIC1,2016/09/15 21:30:00,5933.73,40.26,TRADE
VIC1,2016/09/15 22:00:00,5770.9,35.65,TRADE
VIC1,2016/09/15 22:30:00,5591.82,62.28,TRADE
VIC1,2016/09/15 23:00:00,5415.03,46.10,TRADE
VIC1,2016/09/15 23:30:00,5660.2,45.52,TRADE
VIC1,2016/09/16 00:00:00,5689.32,41.47,TRADE
VIC1,2016/09/16 00:30:00,5437.7,38.37,TRADE
VIC1,2016/09/16 01:00:00,5172.67,37.01,TRADE
VIC1,2016/09/16 01:30:00,4925.62,33.95,TRADE
VIC1,2016/09/16 02:00:00,4732.76,32.53,TRADE
VIC1,2016/09/16 02:30:00,4606.38,30.54,TRADE
VIC1,2016/09/16 03:00:00,4480.92,28.28,TRADE
VIC1,2016/09/16 03:30:00,4406.29,27.71,TRADE
VIC1,2016/09/16 04:00:00,4381.39,27.17,TRADE
VIC1,2016/09/16 04:30:00,4394.12,27.34,TRADE
VIC1,2016/09/16 05:00:00,4417.17,28.48,TRADE
VIC1,2016/09/16 05:30:00,4328.62,27.69,TRADE
VIC1,2016/09/16 06:00:00,4576.6,29.34,TRADE
VIC1,2016/09/16 06:30:00,5297.91,56.99,TRADE
VIC1,2016/09/16 07:00:00,5776.96,104.74,TRADE
VIC1,2016/09/16 07:30:00,6032.22,68.60,TRADE
VIC1,2016/09/16 08:00:00,6268.86,79.79,TRADE
VIC1,2016/09/16 08:30:00,6335.41,64.81,TRADE
VIC1,2016/09/16 09:00:00,6305.05,55.73,TRADE
VIC1,2016/09/16 09:30:00,6226.53,51.56,TRADE
VIC1,2016/09/16 10:00:00,6006.66,48.81,TRADE
VIC1,2016/09/16 10:30:00,5914.37,48.04,TRADE
VIC1,2016/09/16 11:00:00,5846.11,45.14,TRADE
VIC1,2016/09/16 11:30:00,5797.92,36,TRADE
VIC1,2016/09/16 12:00:00,5786.01,38.74,TRADE
VIC1,2016/09/16 12:30:00,5668.1,30.79,TRADE
VIC1,2016/09/16 13:00:00,5536.96,27.86,TRADE
VIC1,2016/09/16 13:30:00,5482.65,29.74,TRADE
VIC1,2016/09/16 14:00:00,5395.24,31.52,TRADE
VIC1,2016/09/16 14:30:00,5345.95,30.09,TRADE
VIC1,2016/09/16 15:00:00,5401.06,28.79,TRADE
VIC1,2016/09/16 15:30:00,5422.04,34.17,TRADE
VIC1,2016/09/16 16:00:00,5529.37,37.44,TRADE
VIC1,2016/09/16 16:30:00,5583.47,45.92,TRADE
VIC1,2016/09/16 17:00:00,5669.21,55.55,TRADE
VIC1,2016/09/16 17:30:00,5869.88,53.19,TRADE
VIC1,2016/09/16 18:00:00,6071.49,67.43,TRADE
VIC1,2016/09/16 18:30:00,6187.69,70.42,TRADE
VIC1,2016/09/16 19:00:00,6250.47,72.02,TRADE
VIC1,2016/09/16 19:30:00,6106.68,60,TRADE
VIC1,2016/09/16 20:00:00,5991.77,50.69,TRADE
VIC1,2016/09/16 20:30:00,5882.48,58.70,TRADE
VIC1,2016/09/16 21:00:00,5806.78,56.45,TRADE
VIC1,2016/09/16 21:30:00,5662.63,47.15,TRADE
VIC1,2016/09/16 22:00:00,5469.89,39.44,TRADE
VIC1,2016/09/16 22:30:00,5315.36,64.02,TRADE
VIC1,2016/09/16 23:00:00,5252.3,53.91,TRADE
VIC1,2016/09/16 23:30:00,5423.17,46.44,TRADE
VIC1,2016/09/17 00:00:00,5412.25,45.14,TRADE
VIC1,2016/09/17 00:30:00,5157.7,39.50,TRADE
VIC1,2016/09/17 01:00:00,4915.67,32.52,TRADE
VIC1,2016/09/17 01:30:00,4664.72,30.60,TRADE
VIC1,2016/09/17 02:00:00,4445.28,30.94,TRADE
VIC1,2016/09/17 02:30:00,4246.85,27.29,TRADE
VIC1,2016/09/17 03:00:00,4091.2,26.06,TRADE
VIC1,2016/09/17 03:30:00,4057.5,25.52,TRADE
VIC1,2016/09/17 04:00:00,3978.73,23.36,TRADE
VIC1,2016/09/17 04:30:00,3889.43,22.31,TRADE
VIC1,2016/09/17 05:00:00,3899.52,20.33,TRADE
VIC1,2016/09/17 05:30:00,3925.27,22.82,TRADE
VIC1,2016/09/17 06:00:00,4045.11,25.37,TRADE
VIC1,2016/09/17 06:30:00,4168.13,26.39,TRADE
VIC1,2016/09/17 07:00:00,4326.26,28.82,TRADE
VIC1,2016/09/17 07:30:00,4326.49,29.24,TRADE
VIC1,2016/09/17 08:00:00,4497.29,32.51,TRADE
VIC1,2016/09/17 08:30:00,4608.94,38.53,TRADE
VIC1,2016/09/17 09:00:00,4637.33,40.68,TRADE
VIC1,2016/09/17 09:30:00,4543.18,45.29,TRADE
VIC1,2016/09/17 10:00:00,4459.51,34.52,TRADE
VIC1,2016/09/17 10:30:00,4372.67,31.44,TRADE
VIC1,2016/09/17 11:00:00,4249.76,29.20,TRADE
VIC1,2016/09/17 11:30:00,4200.75,27.43,TRADE
VIC1,2016/09/17 12:00:00,4209.09,27.80,TRADE
VIC1,2016/09/17 12:30:00,4128.98,26.40,TRADE
VIC1,2016/09/17 13:00:00,4157.71,27.91,TRADE
VIC1,2016/09/17 13:30:00,4119.82,28.25,TRADE
VIC1,2016/09/17 14:00:00,4078.45,29.47,TRADE
VIC1,2016/09/17 14:30:00,4062.13,31.06,TRADE
VIC1,2016/09/17 15:00:00,4060.76,32.31,TRADE
VIC1,2016/09/17 15:30:00,4069.65,35.64,TRADE
VIC1,2016/09/17 16:00:00,4202.91,37.46,TRADE
VIC1,2016/09/17 16:30:00,4383.51,37.61,TRADE
VIC1,2016/09/17 17:00:00,4498.1,32.03,TRADE
VIC1,2016/09/17 17:30:00,4660.87,37.22,TRADE
VIC1,2016/09/17 18:00:00,4864.09,55.02,TRADE
VIC1,2016/09/17 18:30:00,5053.32,63.62,TRADE
VIC1,2016/09/17 19:00:00,5224.74,71.37,TRADE
VIC1,2016/09/17 19:30:00,5124.99,54.32,TRADE
VIC1,2016/09/17 20:00:00,5001.71,50.16,TRADE
VIC1,2016/09/17 20:30:00,4845.13,55.93,TRADE
VIC1,2016/09/17 21:00:00,4734.8,45.66,TRADE
VIC1,2016/09/17 21:30:00,4608.38,38.11,TRADE
VIC1,2016/09/17 22:00:00,4503.07,34.59,TRADE
VIC1,2016/09/17 22:30:00,4444.97,36.41,TRADE
VIC1,2016/09/17 23:00:00,4457.75,32.76,TRADE
VIC1,2016/09/17 23:30:00,4804.61,36.43,TRADE
VIC1,2016/09/18 00:00:00,4847.17,34.63,TRADE
VIC1,2016/09/18 00:30:00,4638.77,32.36,TRADE
VIC1,2016/09/18 01:00:00,4447.12,28.86,TRADE
VIC1,2016/09/18 01:30:00,4244.71,30.83,TRADE
VIC1,2016/09/18 02:00:00,4027.68,28.29,TRADE
VIC1,2016/09/18 02:30:00,3851.44,26.59,TRADE
VIC1,2016/09/18 03:00:00,3679.87,23.12,TRADE
VIC1,2016/09/18 03:30:00,3594.4,21.96,TRADE
VIC1,2016/09/18 04:00:00,3517.9,22.42,TRADE
VIC1,2016/09/18 04:30:00,3494.31,22.01,TRADE
VIC1,2016/09/18 05:00:00,3545.85,22.59,TRADE
VIC1,2016/09/18 05:30:00,3567.47,23.94,TRADE
VIC1,2016/09/18 06:00:00,3615.32,28.80,TRADE
VIC1,2016/09/18 06:30:00,3757.84,29.73,TRADE
VIC1,2016/09/18 07:00:00,3804.89,27.98,TRADE
VIC1,2016/09/18 07:30:00,3845.42,26.43,TRADE
VIC1,2016/09/18 08:00:00,4019.81,31.77,TRADE
VIC1,2016/09/18 08:30:00,4172.35,43.23,TRADE
VIC1,2016/09/18 09:00:00,4369.06,55.58,TRADE
VIC1,2016/09/18 09:30:00,4531.74,80.67,TRADE
VIC1,2016/09/18 10:00:00,4622.6,71.21,TRADE
VIC1,2016/09/18 10:30:00,4722.34,56.62,TRADE
VIC1,2016/09/18 11:00:00,4734.71,56.33,TRADE
VIC1,2016/09/18 11:30:00,4760.79,60.58,TRADE
VIC1,2016/09/18 12:00:00,4751.4,64.78,TRADE
VIC1,2016/09/18 12:30:00,4802.17,61.71,TRADE
VIC1,2016/09/18 13:00:00,4789.31,39.97,TRADE
VIC1,2016/09/18 13:30:00,4802.65,43.53,TRADE
VIC1,2016/09/18 14:00:00,4797.91,43.55,TRADE
VIC1,2016/09/18 14:30:00,4791.76,35.93,TRADE
VIC1,2016/09/18 15:00:00,4782.79,44.50,TRADE
VIC1,2016/09/18 15:30:00,4740.02,45.42,TRADE
VIC1,2016/09/18 16:00:00,4791.89,44.20,TRADE
VIC1,2016/09/18 16:30:00,4807.49,50.83,TRADE
VIC1,2016/09/18 17:00:00,4993.98,59.85,TRADE
VIC1,2016/09/18 17:30:00,5208.09,51.12,TRADE
VIC1,2016/09/18 18:00:00,5461.91,60.50,TRADE
VIC1,2016/09/18 18:30:00,5696.65,78.55,TRADE
VIC1,2016/09/18 19:00:00,5827.12,84.17,TRADE
VIC1,2016/09/18 19:30:00,5725.16,66.89,TRADE
VIC1,2016/09/18 20:00:00,5592.94,64.29,TRADE
VIC1,2016/09/18 20:30:00,5492.74,64.46,TRADE
VIC1,2016/09/18 21:00:00,5380.14,62.48,TRADE
VIC1,2016/09/18 21:30:00,5182.45,62.90,TRADE
VIC1,2016/09/18 22:00:00,5017.8,49.77,TRADE
VIC1,2016/09/18 22:30:00,4896,52.79,TRADE
VIC1,2016/09/18 23:00:00,4803.59,58.97,TRADE
VIC1,2016/09/18 23:30:00,5079.73,47.57,TRADE
VIC1,2016/09/19 00:00:00,5101.84,81.14,TRADE
VIC1,2016/09/19 00:30:00,4885.15,46.85,TRADE
VIC1,2016/09/19 01:00:00,4705.5,35.75,TRADE
VIC1,2016/09/19 01:30:00,4498.22,38.70,TRADE
VIC1,2016/09/19 02:00:00,4324.89,31.48,TRADE
VIC1,2016/09/19 02:30:00,4203.69,29,TRADE
VIC1,2016/09/19 03:00:00,4088.09,29.11,TRADE
VIC1,2016/09/19 03:30:00,4054.23,30.34,TRADE
VIC1,2016/09/19 04:00:00,4045.72,29.74,TRADE
VIC1,2016/09/19 04:30:00,4061.73,30.34,TRADE
VIC1,2016/09/19 05:00:00,4127.27,30.40,TRADE
VIC1,2016/09/19 05:30:00,4315.12,33.98,TRADE
VIC1,2016/09/19 06:00:00,4570.6,41.98,TRADE
VIC1,2016/09/19 06:30:00,5110.69,76.60,TRADE
VIC1,2016/09/19 07:00:00,5403.37,68.20,TRADE
VIC1,2016/09/19 07:30:00,5606.55,62.02,TRADE
VIC1,2016/09/19 08:00:00,5864.05,89.04,TRADE
VIC1,2016/09/19 08:30:00,5969.47,90.60,TRADE
VIC1,2016/09/19 09:00:00,5991.05,88.36,TRADE
VIC1,2016/09/19 09:30:00,5937.67,68.55,TRADE
VIC1,2016/09/19 10:00:00,5808.56,60.10,TRADE
VIC1,2016/09/19 10:30:00,5689.3,54.59,TRADE
VIC1,2016/09/19 11:00:00,5728.34,55,TRADE
VIC1,2016/09/19 11:30:00,5645.23,51.50,TRADE
VIC1,2016/09/19 12:00:00,5598.51,50.57,TRADE
VIC1,2016/09/19 12:30:00,5555.57,49.83,TRADE
VIC1,2016/09/19 13:00:00,5413.18,45.60,TRADE
VIC1,2016/09/19 13:30:00,5503.98,50.05,TRADE
VIC1,2016/09/19 14:00:00,5477.82,43.81,TRADE
VIC1,2016/09/19 14:30:00,5450.88,41.44,TRADE
VIC1,2016/09/19 15:00:00,5365.7,43.50,TRADE
VIC1,2016/09/19 15:30:00,5320.01,39.59,TRADE
VIC1,2016/09/19 16:00:00,5326.89,49.70,TRADE
VIC1,2016/09/19 16:30:00,5361.75,49.14,TRADE
VIC1,2016/09/19 17:00:00,5476.55,75.06,TRADE
VIC1,2016/09/19 17:30:00,5616.81,59.60,TRADE
VIC1,2016/09/19 18:00:00,5799.99,64.55,TRADE
VIC1,2016/09/19 18:30:00,6044.05,84.63,TRADE
VIC1,2016/09/19 19:00:00,6331.34,97.51,TRADE
VIC1,2016/09/19 19:30:00,6249.89,70.24,TRADE
VIC1,2016/09/19 20:00:00,6171.8,76.17,TRADE
VIC1,2016/09/19 20:30:00,6059.31,69.71,TRADE
VIC1,2016/09/19 21:00:00,5934.63,59.41,TRADE
VIC1,2016/09/19 21:30:00,5720.55,61.64,TRADE
VIC1,2016/09/19 22:00:00,5504.84,42.94,TRADE
VIC1,2016/09/19 22:30:00,5271.33,48.78,TRADE
VIC1,2016/09/19 23:00:00,5156.82,45.15,TRADE
VIC1,2016/09/19 23:30:00,5333.65,53.02,TRADE
VIC1,2016/09/20 00:00:00,5311.39,44.94,TRADE
VIC1,2016/09/20 00:30:00,5088.04,29.89,TRADE
VIC1,2016/09/20 01:00:00,4886.77,28.53,TRADE
VIC1,2016/09/20 01:30:00,4650.4,28.98,TRADE
VIC1,2016/09/20 02:00:00,4454.4,24.95,TRADE
VIC1,2016/09/20 02:30:00,4233.87,22.64,TRADE
VIC1,2016/09/20 03:00:00,4087.78,19.97,TRADE
VIC1,2016/09/20 03:30:00,4062.61,15.06,TRADE
VIC1,2016/09/20 04:00:00,4027.68,15.52,TRADE
VIC1,2016/09/20 04:30:00,4049.76,21.17,TRADE
VIC1,2016/09/20 05:00:00,4105.42,23.01,TRADE
VIC1,2016/09/20 05:30:00,4301.76,25.31,TRADE
VIC1,2016/09/20 06:00:00,4532.46,27.98,TRADE
VIC1,2016/09/20 06:30:00,4934.24,42.44,TRADE
VIC1,2016/09/20 07:00:00,5311.26,51.82,TRADE
VIC1,2016/09/20 07:30:00,5420.07,42.36,TRADE
VIC1,2016/09/20 08:00:00,5582.89,38.42,TRADE
VIC1,2016/09/20 08:30:00,5630.14,43.77,TRADE
VIC1,2016/09/20 09:00:00,5612.69,38.80,TRADE
VIC1,2016/09/20 09:30:00,5505.46,46.95,TRADE
VIC1,2016/09/20 10:00:00,5353.67,46.72,TRADE
VIC1,2016/09/20 10:30:00,5254.87,41.80,TRADE
VIC1,2016/09/20 11:00:00,5124.61,38.56,TRADE
VIC1,2016/09/20 11:30:00,5066.02,28.67,TRADE
VIC1,2016/09/20 12:00:00,5090.01,28.93,TRADE
VIC1,2016/09/20 12:30:00,5028.43,28.59,TRADE
VIC1,2016/09/20 13:00:00,4973.39,29.52,TRADE
VIC1,2016/09/20 13:30:00,5031.38,40.92,TRADE
VIC1,2016/09/20 14:00:00,5069.67,44.45,TRADE
VIC1,2016/09/20 14:30:00,5083.48,43.72,TRADE
VIC1,2016/09/20 15:00:00,5155.23,53.21,TRADE
VIC1,2016/09/20 15:30:00,5150.32,55.47,TRADE
VIC1,2016/09/20 16:00:00,5191.46,46.41,TRADE
VIC1,2016/09/20 16:30:00,5322.92,46.60,TRADE
VIC1,2016/09/20 17:00:00,5422.84,47.72,TRADE
VIC1,2016/09/20 17:30:00,5551.39,47.70,TRADE
VIC1,2016/09/20 18:00:00,5674.01,64.90,TRADE
VIC1,2016/09/20 18:30:00,5847.27,82.88,TRADE
VIC1,2016/09/20 19:00:00,6064.83,136.52,TRADE
VIC1,2016/09/20 19:30:00,5972.54,58.67,TRADE
VIC1,2016/09/20 20:00:00,5843.26,52.08,TRADE
VIC1,2016/09/20 20:30:00,5708.59,51.31,TRADE
VIC1,2016/09/20 21:00:00,5593.17,49.25,TRADE
VIC1,2016/09/20 21:30:00,5421.18,49.40,TRADE
VIC1,2016/09/20 22:00:00,5236.77,33.67,TRADE
VIC1,2016/09/20 22:30:00,5083.89,51.89,TRADE
VIC1,2016/09/20 23:00:00,4969.05,37,TRADE
VIC1,2016/09/20 23:30:00,5255.27,33.46,TRADE
VIC1,2016/09/21 00:00:00,5253.12,37,TRADE
VIC1,2016/09/21 00:30:00,5017.79,31.70,TRADE
VIC1,2016/09/21 01:00:00,4852.03,27.43,TRADE
VIC1,2016/09/21 01:30:00,4661.37,28.93,TRADE
VIC1,2016/09/21 02:00:00,4501.92,28.10,TRADE
VIC1,2016/09/21 02:30:00,4340.72,26.22,TRADE
VIC1,2016/09/21 03:00:00,4224.79,25.19,TRADE
VIC1,2016/09/21 03:30:00,4139.68,24.90,TRADE
VIC1,2016/09/21 04:00:00,4106.78,24.87,TRADE
VIC1,2016/09/21 04:30:00,4058.57,24.89,TRADE
VIC1,2016/09/21 05:00:00,4140.48,25.17,TRADE
VIC1,2016/09/21 05:30:00,4281.52,25.95,TRADE
VIC1,2016/09/21 06:00:00,4534.22,28.27,TRADE
VIC1,2016/09/21 06:30:00,4946.87,40.50,TRADE
VIC1,2016/09/21 07:00:00,5280.03,56.41,TRADE
VIC1,2016/09/21 07:30:00,5487.29,52.31,TRADE
VIC1,2016/09/21 08:00:00,5794.92,68.41,TRADE
VIC1,2016/09/21 08:30:00,5988.11,76.19,TRADE
VIC1,2016/09/21 09:00:00,6078.17,68.31,TRADE
VIC1,2016/09/21 09:30:00,6081.7,59.13,TRADE
VIC1,2016/09/21 10:00:00,6002.92,68.24,TRADE
VIC1,2016/09/21 10:30:00,5936,67.80,TRADE
VIC1,2016/09/21 11:00:00,5894.83,61.82,TRADE
VIC1,2016/09/21 11:30:00,5816.04,53.01,TRADE
VIC1,2016/09/21 12:00:00,5695.86,45.58,TRADE
VIC1,2016/09/21 12:30:00,5569.56,38.75,TRADE
VIC1,2016/09/21 13:00:00,5478.55,35.94,TRADE
VIC1,2016/09/21 13:30:00,5490.02,44.53,TRADE
VIC1,2016/09/21 14:00:00,5423.62,45.89,TRADE
VIC1,2016/09/21 14:30:00,5395.69,55.88,TRADE
VIC1,2016/09/21 15:00:00,5419.36,46.53,TRADE
VIC1,2016/09/21 15:30:00,5414.72,53.35,TRADE
VIC1,2016/09/21 16:00:00,5429.84,65.38,TRADE
VIC1,2016/09/21 16:30:00,5538.33,61.32,TRADE
VIC1,2016/09/21 17:00:00,5594.55,62.23,TRADE
VIC1,2016/09/21 17:30:00,5700.62,41.06,TRADE
VIC1,2016/09/21 18:00:00,5849.4,50.79,TRADE
VIC1,2016/09/21 18:30:00,5930.37,72.31,TRADE
VIC1,2016/09/21 19:00:00,6112.82,89.63,TRADE
VIC1,2016/09/21 19:30:00,6048.49,69.36,TRADE
VIC1,2016/09/21 20:00:00,5846.57,81.37,TRADE
VIC1,2016/09/21 20:30:00,5710.68,90.08,TRADE
VIC1,2016/09/21 21:00:00,5569.68,66.56,TRADE
VIC1,2016/09/21 21:30:00,5388.96,58.63,TRADE
VIC1,2016/09/21 22:00:00,5178.28,46.08,TRADE
VIC1,2016/09/21 22:30:00,5007.91,67.63,TRADE
VIC1,2016/09/21 23:00:00,4955.93,54.84,TRADE
VIC1,2016/09/21 23:30:00,5247.46,53.73,TRADE
VIC1,2016/09/22 00:00:00,5222.95,54.88,TRADE
VIC1,2016/09/22 00:30:00,4958.6,70.36,TRADE
VIC1,2016/09/22 01:00:00,4765.42,51.71,TRADE
VIC1,2016/09/22 01:30:00,4606.23,45.14,TRADE
VIC1,2016/09/22 02:00:00,4400.31,40.67,TRADE
VIC1,2016/09/22 02:30:00,4248.77,39.42,TRADE
VIC1,2016/09/22 03:00:00,4150.14,38.49,TRADE
VIC1,2016/09/22 03:30:00,4092.05,32.76,TRADE
VIC1,2016/09/22 04:00:00,4053.15,30.29,TRADE
VIC1,2016/09/22 04:30:00,3987.99,25.67,TRADE
VIC1,2016/09/22 05:00:00,4047.68,29.09,TRADE
VIC1,2016/09/22 05:30:00,4228.44,40.97,TRADE
VIC1,2016/09/22 06:00:00,4459.24,36.94,TRADE
VIC1,2016/09/22 06:30:00,4862.58,18.09,TRADE
VIC1,2016/09/22 07:00:00,5275.89,56.41,TRADE
VIC1,2016/09/22 07:30:00,5440.38,48.45,TRADE
VIC1,2016/09/22 08:00:00,5728.06,59.88,TRADE
VIC1,2016/09/22 08:30:00,5886.57,64.86,TRADE
VIC1,2016/09/22 09:00:00,5940.85,68.71,TRADE
VIC1,2016/09/22 09:30:00,5959.15,52.21,TRADE
VIC1,2016/09/22 10:00:00,5889.42,64.17,TRADE
VIC1,2016/09/22 10:30:00,5843.48,58.71,TRADE
VIC1,2016/09/22 11:00:00,5846.62,62.37,TRADE
VIC1,2016/09/22 11:30:00,5840.56,70.60,TRADE
VIC1,2016/09/22 12:00:00,5807.82,72.73,TRADE
VIC1,2016/09/22 12:30:00,5802.39,63.30,TRADE
VIC1,2016/09/22 13:00:00,5779.17,52.96,TRADE
VIC1,2016/09/22 13:30:00,5794.4,47.01,TRADE
VIC1,2016/09/22 14:00:00,5775.69,39.96,TRADE
VIC1,2016/09/22 14:30:00,5828.23,48.41,TRADE
VIC1,2016/09/22 15:00:00,5774.58,47.08,TRADE
VIC1,2016/09/22 15:30:00,5797.47,52.94,TRADE
VIC1,2016/09/22 16:00:00,5800.7,59.60,TRADE
VIC1,2016/09/22 16:30:00,5858.41,54.88,TRADE
VIC1,2016/09/22 17:00:00,5976.39,57.09,TRADE
VIC1,2016/09/22 17:30:00,6098.75,43.48,TRADE
VIC1,2016/09/22 18:00:00,6271.52,57.93,TRADE
VIC1,2016/09/22 18:30:00,6427.89,73.72,TRADE
VIC1,2016/09/22 19:00:00,6621.58,115.99,TRADE
VIC1,2016/09/22 19:30:00,6480.29,72.40,TRADE
VIC1,2016/09/22 20:00:00,6420.52,83.02,TRADE
VIC1,2016/09/22 20:30:00,6258.64,66.55,TRADE
VIC1,2016/09/22 21:00:00,6152.19,55.14,TRADE
VIC1,2016/09/22 21:30:00,5976.85,52.83,TRADE
VIC1,2016/09/22 22:00:00,5666.78,41.62,TRADE
VIC1,2016/09/22 22:30:00,5536.04,62.58,TRADE
VIC1,2016/09/22 23:00:00,5426.44,57.39,TRADE
VIC1,2016/09/22 23:30:00,5647.41,57.61,TRADE
VIC1,2016/09/23 00:00:00,5628.99,70.38,TRADE
VIC1,2016/09/23 00:30:00,5379.7,60.10,TRADE
VIC1,2016/09/23 01:00:00,5139.52,45.62,TRADE
VIC1,2016/09/23 01:30:00,4943.3,39.59,TRADE
VIC1,2016/09/23 02:00:00,4713.2,46.06,TRADE
VIC1,2016/09/23 02:30:00,4568.96,43.73,TRADE
VIC1,2016/09/23 03:00:00,4451.12,49.13,TRADE
VIC1,2016/09/23 03:30:00,4364.73,42.86,TRADE
VIC1,2016/09/23 04:00:00,4302.88,34.22,TRADE
VIC1,2016/09/23 04:30:00,4301.1,37.16,TRADE
VIC1,2016/09/23 05:00:00,4346.56,37.27,TRADE
VIC1,2016/09/23 05:30:00,4546.11,52.34,TRADE
VIC1,2016/09/23 06:00:00,4813.59,51.94,TRADE
VIC1,2016/09/23 06:30:00,5227.6,51,TRADE
VIC1,2016/09/23 07:00:00,5573.41,64.02,TRADE
VIC1,2016/09/23 07:30:00,5728.18,51.43,TRADE
VIC1,2016/09/23 08:00:00,5923.29,47.86,TRADE
VIC1,2016/09/23 08:30:00,5999.47,44.60,TRADE
VIC1,2016/09/23 09:00:00,6030.46,42.04,TRADE
VIC1,2016/09/23 09:30:00,5946.61,48.52,TRADE
VIC1,2016/09/23 10:00:00,5825.19,50.60,TRADE
VIC1,2016/09/23 10:30:00,5731.05,45.24,TRADE
VIC1,2016/09/23 11:00:00,5718.16,38.89,TRADE
VIC1,2016/09/23 11:30:00,5645.24,36.90,TRADE
VIC1,2016/09/23 12:00:00,5551.73,39.87,TRADE
VIC1,2016/09/23 12:30:00,5419.69,35.13,TRADE
VIC1,2016/09/23 13:00:00,5321.45,31.96,TRADE
VIC1,2016/09/23 13:30:00,5235.84,31.85,TRADE
VIC1,2016/09/23 14:00:00,5226.1,33.94,TRADE
VIC1,2016/09/23 14:30:00,5119.96,31.81,TRADE
VIC1,2016/09/23 15:00:00,5183.76,39.62,TRADE
VIC1,2016/09/23 15:30:00,5171.13,43.46,TRADE
VIC1,2016/09/23 16:00:00,5200.93,47.64,TRADE
VIC1,2016/09/23 16:30:00,5294.63,42.65,TRADE
VIC1,2016/09/23 17:00:00,5433.54,54.68,TRADE
VIC1,2016/09/23 17:30:00,5492.3,40.33,TRADE
VIC1,2016/09/23 18:00:00,5610.47,45.74,TRADE
VIC1,2016/09/23 18:30:00,5748.95,66.18,TRADE
VIC1,2016/09/23 19:00:00,5914.84,79.50,TRADE
VIC1,2016/09/23 19:30:00,5924.64,58.64,TRADE
VIC1,2016/09/23 20:00:00,5835.62,56.31,TRADE
VIC1,2016/09/23 20:30:00,5726.89,45.58,TRADE
VIC1,2016/09/23 21:00:00,5633.45,42.97,TRADE
VIC1,2016/09/23 21:30:00,5410.77,41.41,TRADE
VIC1,2016/09/23 22:00:00,5203.61,32.96,TRADE
VIC1,2016/09/23 22:30:00,5078.38,48.46,TRADE
VIC1,2016/09/23 23:00:00,4995.26,47.25,TRADE
VIC1,2016/09/23 23:30:00,5258.5,49.35,TRADE
VIC1,2016/09/24 00:00:00,5235.44,43.52,TRADE
VIC1,2016/09/24 00:30:00,5012.46,37.54,TRADE
VIC1,2016/09/24 01:00:00,4769.43,41.20,TRADE
VIC1,2016/09/24 01:30:00,4579.1,46.21,TRADE
VIC1,2016/09/24 02:00:00,4358.51,35.51,TRADE
VIC1,2016/09/24 02:30:00,4226.93,33.37,TRADE
VIC1,2016/09/24 03:00:00,4110.2,32.49,TRADE
VIC1,2016/09/24 03:30:00,4013.97,28.16,TRADE
VIC1,2016/09/24 04:00:00,3966.72,28.64,TRADE
VIC1,2016/09/24 04:30:00,3936.69,30.67,TRADE
VIC1,2016/09/24 05:00:00,3930.33,32.08,TRADE
VIC1,2016/09/24 05:30:00,4012.16,34.39,TRADE
VIC1,2016/09/24 06:00:00,4088.74,38.37,TRADE
VIC1,2016/09/24 06:30:00,4211.77,34.01,TRADE
VIC1,2016/09/24 07:00:00,4313.1,42.91,TRADE
VIC1,2016/09/24 07:30:00,4293.31,34.52,TRADE
VIC1,2016/09/24 08:00:00,4426.83,45.29,TRADE
VIC1,2016/09/24 08:30:00,4426.89,49.11,TRADE
VIC1,2016/09/24 09:00:00,4432,57.74,TRADE
VIC1,2016/09/24 09:30:00,4476.9,60.38,TRADE
VIC1,2016/09/24 10:00:00,4382.13,46.88,TRADE
VIC1,2016/09/24 10:30:00,4255.26,45.85,TRADE
VIC1,2016/09/24 11:00:00,4146.33,37.41,TRADE
VIC1,2016/09/24 11:30:00,4071.74,29.43,TRADE
VIC1,2016/09/24 12:00:00,4081.69,28.12,TRADE
VIC1,2016/09/24 12:30:00,4052.31,41.16,TRADE
VIC1,2016/09/24 13:00:00,4012.48,43.20,TRADE
VIC1,2016/09/24 13:30:00,4034.7,35.52,TRADE
VIC1,2016/09/24 14:00:00,4069.28,46.37,TRADE
VIC1,2016/09/24 14:30:00,4126.54,50.57,TRADE
VIC1,2016/09/24 15:00:00,4187.54,39.45,TRADE
VIC1,2016/09/24 15:30:00,4279.52,30.63,TRADE
VIC1,2016/09/24 16:00:00,4390.02,45.40,TRADE
VIC1,2016/09/24 16:30:00,4484.43,40.37,TRADE
VIC1,2016/09/24 17:00:00,4614.82,53.66,TRADE
VIC1,2016/09/24 17:30:00,4776.05,40.43,TRADE
VIC1,2016/09/24 18:00:00,4960.24,57.58,TRADE
VIC1,2016/09/24 18:30:00,5092.32,57.04,TRADE
VIC1,2016/09/24 19:00:00,5229.92,69.17,TRADE
VIC1,2016/09/24 19:30:00,5137.67,50.60,TRADE
VIC1,2016/09/24 20:00:00,5041.41,45.38,TRADE
VIC1,2016/09/24 20:30:00,4930.31,47.43,TRADE
VIC1,2016/09/24 21:00:00,4875.11,46.73,TRADE
VIC1,2016/09/24 21:30:00,4809,48.70,TRADE
VIC1,2016/09/24 22:00:00,4717.2,47.23,TRADE
VIC1,2016/09/24 22:30:00,4603.08,49.81,TRADE
VIC1,2016/09/24 23:00:00,4543.85,46.24,TRADE
VIC1,2016/09/24 23:30:00,4826.12,59.29,TRADE
VIC1,2016/09/25 00:00:00,4837.47,52.25,TRADE
VIC1,2016/09/25 00:30:00,4622.94,32.30,TRADE
VIC1,2016/09/25 01:00:00,4453.07,34.59,TRADE
VIC1,2016/09/25 01:30:00,4253.57,29.36,TRADE
VIC1,2016/09/25 02:00:00,4060.42,26.98,TRADE
VIC1,2016/09/25 02:30:00,3877.62,26.40,TRADE
VIC1,2016/09/25 03:00:00,3780.16,25.25,TRADE
VIC1,2016/09/25 03:30:00,3675.55,25.20,TRADE
VIC1,2016/09/25 04:00:00,3634.31,25.20,TRADE
VIC1,2016/09/25 04:30:00,3621.24,24.62,TRADE
VIC1,2016/09/25 05:00:00,3695.06,24.40,TRADE
VIC1,2016/09/25 05:30:00,3744.74,26.20,TRADE
VIC1,2016/09/25 06:00:00,3799.22,25.20,TRADE
VIC1,2016/09/25 06:30:00,3873.02,25.35,TRADE
VIC1,2016/09/25 07:00:00,3924.76,31.49,TRADE
VIC1,2016/09/25 07:30:00,3927.04,35.80,TRADE
VIC1,2016/09/25 08:00:00,4009.81,40.52,TRADE
VIC1,2016/09/25 08:30:00,4052.69,35.32,TRADE
VIC1,2016/09/25 09:00:00,4081.01,35.30,TRADE
VIC1,2016/09/25 09:30:00,4071.36,39.13,TRADE
VIC1,2016/09/25 10:00:00,4055.31,30.29,TRADE
VIC1,2016/09/25 10:30:00,4077.3,28.07,TRADE
VIC1,2016/09/25 11:00:00,4074.55,27.89,TRADE
VIC1,2016/09/25 11:30:00,4071.28,24.42,TRADE
VIC1,2016/09/25 12:00:00,4056.68,25.64,TRADE
VIC1,2016/09/25 12:30:00,4085.88,27.34,TRADE
VIC1,2016/09/25 13:00:00,4067.26,28.96,TRADE
VIC1,2016/09/25 13:30:00,4124.53,28.65,TRADE
VIC1,2016/09/25 14:00:00,4175.51,28.73,TRADE
VIC1,2016/09/25 14:30:00,4230.72,28.71,TRADE
VIC1,2016/09/25 15:00:00,4295.78,28.85,TRADE
VIC1,2016/09/25 15:30:00,4347.88,30.56,TRADE
VIC1,2016/09/25 16:00:00,4425.67,29.81,TRADE
VIC1,2016/09/25 16:30:00,4510.57,31.68,TRADE
VIC1,2016/09/25 17:00:00,4707.72,46.82,TRADE
VIC1,2016/09/25 17:30:00,4934.8,28.83,TRADE
VIC1,2016/09/25 18:00:00,5212.57,45.02,TRADE
VIC1,2016/09/25 18:30:00,5468.94,69.40,TRADE
VIC1,2016/09/25 19:00:00,5700.23,81.60,TRADE
VIC1,2016/09/25 19:30:00,5684.85,57.58,TRADE
VIC1,2016/09/25 20:00:00,5591.15,52.99,TRADE
VIC1,2016/09/25 20:30:00,5473.63,55.09,TRADE
VIC1,2016/09/25 21:00:00,5363.58,50.46,TRADE
VIC1,2016/09/25 21:30:00,5228.1,53.71,TRADE
VIC1,2016/09/25 22:00:00,5035.22,41.64,TRADE
VIC1,2016/09/25 22:30:00,4914.74,53.09,TRADE
VIC1,2016/09/25 23:00:00,4844.15,46.08,TRADE
VIC1,2016/09/25 23:30:00,5109.45,35.68,TRADE
VIC1,2016/09/26 00:00:00,5171.64,41.04,TRADE
VIC1,2016/09/26 00:30:00,4983.02,31.49,TRADE
VIC1,2016/09/26 01:00:00,4787.33,34.09,TRADE
VIC1,2016/09/26 01:30:00,4610.2,30.44,TRADE
VIC1,2016/09/26 02:00:00,4435.85,29.48,TRADE
VIC1,2016/09/26 02:30:00,4282.76,28.70,TRADE
VIC1,2016/09/26 03:00:00,4173.05,27.71,TRADE
VIC1,2016/09/26 03:30:00,4081.94,26.42,TRADE
VIC1,2016/09/26 04:00:00,4053.32,25.57,TRADE
VIC1,2016/09/26 04:30:00,4060.6,34.28,TRADE
VIC1,2016/09/26 05:00:00,4085.75,47.86,TRADE
VIC1,2016/09/26 05:30:00,4256.29,32.29,TRADE
VIC1,2016/09/26 06:00:00,4456.74,35.73,TRADE
VIC1,2016/09/26 06:30:00,4845.64,43.20,TRADE
VIC1,2016/09/26 07:00:00,5139.57,57.02,TRADE
VIC1,2016/09/26 07:30:00,5407.25,39.02,TRADE
VIC1,2016/09/26 08:00:00,5621.82,62.71,TRADE
VIC1,2016/09/26 08:30:00,5669.91,68.96,TRADE
VIC1,2016/09/26 09:00:00,5605.59,68.02,TRADE
VIC1,2016/09/26 09:30:00,5480.4,56.02,TRADE
VIC1,2016/09/26 10:00:00,5298.01,33.44,TRADE
VIC1,2016/09/26 10:30:00,5232.83,37.89,TRADE
VIC1,2016/09/26 11:00:00,5193.8,35.30,TRADE
VIC1,2016/09/26 11:30:00,5138.68,31.66,TRADE
VIC1,2016/09/26 12:00:00,5134.39,45.75,TRADE
VIC1,2016/09/26 12:30:00,5149.92,36.85,TRADE
VIC1,2016/09/26 13:00:00,5123.93,37.16,TRADE
VIC1,2016/09/26 13:30:00,5178.66,47.15,TRADE
VIC1,2016/09/26 14:00:00,5227.63,40.15,TRADE
VIC1,2016/09/26 14:30:00,5213.25,50.06,TRADE
VIC1,2016/09/26 15:00:00,5158.81,47.09,TRADE
VIC1,2016/09/26 15:30:00,5250.11,47.69,TRADE
VIC1,2016/09/26 16:00:00,5356.54,40.37,TRADE
VIC1,2016/09/26 16:30:00,5407.75,47.39,TRADE
VIC1,2016/09/26 17:00:00,5588.94,74.32,TRADE
VIC1,2016/09/26 17:30:00,5701.4,50.25,TRADE
VIC1,2016/09/26 18:00:00,5950.08,49.47,TRADE
VIC1,2016/09/26 18:30:00,6167.78,69.93,TRADE
VIC1,2016/09/26 19:00:00,6296.27,75.37,TRADE
VIC1,2016/09/26 19:30:00,6121.92,51.04,TRADE
VIC1,2016/09/26 20:00:00,6046.67,51.14,TRADE
VIC1,2016/09/26 20:30:00,5877.65,57.63,TRADE
VIC1,2016/09/26 21:00:00,5723.37,68.18,TRADE
VIC1,2016/09/26 21:30:00,5606.64,65.94,TRADE
VIC1,2016/09/26 22:00:00,5416.57,47.54,TRADE
VIC1,2016/09/26 22:30:00,5269.8,61.99,TRADE
VIC1,2016/09/26 23:00:00,5205.92,52.03,TRADE
VIC1,2016/09/26 23:30:00,5440.39,60.70,TRADE
VIC1,2016/09/27 00:00:00,5391.08,49.01,TRADE
VIC1,2016/09/27 00:30:00,5128.23,44.40,TRADE
VIC1,2016/09/27 01:00:00,4875.18,44.93,TRADE
VIC1,2016/09/27 01:30:00,4740.94,49.96,TRADE
VIC1,2016/09/27 02:00:00,4512.29,38.40,TRADE
VIC1,2016/09/27 02:30:00,4397.33,44.37,TRADE
VIC1,2016/09/27 03:00:00,4254.69,30.83,TRADE
VIC1,2016/09/27 03:30:00,4162.6,35.27,TRADE
VIC1,2016/09/27 04:00:00,4047.6,38.41,TRADE
VIC1,2016/09/27 04:30:00,4092.4,40.90,TRADE
VIC1,2016/09/27 05:00:00,4132.48,40.66,TRADE
VIC1,2016/09/27 05:30:00,4288.88,37.63,TRADE
VIC1,2016/09/27 06:00:00,4528.42,41.84,TRADE
VIC1,2016/09/27 06:30:00,4943.92,63.63,TRADE
VIC1,2016/09/27 07:00:00,5291.11,78.32,TRADE
VIC1,2016/09/27 07:30:00,5366.73,44.05,TRADE
VIC1,2016/09/27 08:00:00,5599.63,61.05,TRADE
VIC1,2016/09/27 08:30:00,5678.46,45.99,TRADE
VIC1,2016/09/27 09:00:00,5638.05,43.15,TRADE
VIC1,2016/09/27 09:30:00,5511.2,39.13,TRADE
VIC1,2016/09/27 10:00:00,5380.69,31.39,TRADE
VIC1,2016/09/27 10:30:00,5346.37,40.79,TRADE
VIC1,2016/09/27 11:00:00,5282.1,45.59,TRADE
VIC1,2016/09/27 11:30:00,5303.34,46.76,TRADE
VIC1,2016/09/27 12:00:00,5324.95,46.77,TRADE
VIC1,2016/09/27 12:30:00,5394.06,50.55,TRADE
VIC1,2016/09/27 13:00:00,5361.31,43.37,TRADE
VIC1,2016/09/27 13:30:00,5452.39,42.98,TRADE
VIC1,2016/09/27 14:00:00,5524.16,44.31,TRADE
VIC1,2016/09/27 14:30:00,5554.45,41.72,TRADE
VIC1,2016/09/27 15:00:00,5531.73,45.23,TRADE
VIC1,2016/09/27 15:30:00,5528.4,41.46,TRADE
VIC1,2016/09/27 16:00:00,5512.17,45.38,TRADE
VIC1,2016/09/27 16:30:00,5547.28,45.51,TRADE
VIC1,2016/09/27 17:00:00,5619.85,47.42,TRADE
VIC1,2016/09/27 17:30:00,5744.18,46.42,TRADE
VIC1,2016/09/27 18:00:00,5902.3,49.86,TRADE
VIC1,2016/09/27 18:30:00,6038.75,62.95,TRADE
VIC1,2016/09/27 19:00:00,6298.99,126.06,TRADE
VIC1,2016/09/27 19:30:00,6229.65,67.69,TRADE
VIC1,2016/09/27 20:00:00,6150.04,59.86,TRADE
VIC1,2016/09/27 20:30:00,6050.26,63.88,TRADE
VIC1,2016/09/27 21:00:00,5922.3,60.56,TRADE
VIC1,2016/09/27 21:30:00,5716.47,47.98,TRADE
VIC1,2016/09/27 22:00:00,5516.44,38.93,TRADE
VIC1,2016/09/27 22:30:00,5328.33,47.86,TRADE
VIC1,2016/09/27 23:00:00,5177.87,47.81,TRADE
VIC1,2016/09/27 23:30:00,5457.49,59.08,TRADE
VIC1,2016/09/28 00:00:00,5395.35,46.17,TRADE
VIC1,2016/09/28 00:30:00,5140.77,53.27,TRADE
VIC1,2016/09/28 01:00:00,4930.28,44.98,TRADE
VIC1,2016/09/28 01:30:00,4748.36,43.04,TRADE
VIC1,2016/09/28 02:00:00,4589.55,37.79,TRADE
VIC1,2016/09/28 02:30:00,4421.09,37.66,TRADE
VIC1,2016/09/28 03:00:00,4326.18,42.45,TRADE
VIC1,2016/09/28 03:30:00,4295.33,42.58,TRADE
VIC1,2016/09/28 04:00:00,4256.68,35.48,TRADE
VIC1,2016/09/28 04:30:00,4280.73,37.46,TRADE
VIC1,2016/09/28 05:00:00,4370.5,35.27,TRADE
VIC1,2016/09/28 05:30:00,4556.58,47.58,TRADE
VIC1,2016/09/28 06:00:00,4784.47,45.71,TRADE
VIC1,2016/09/28 06:30:00,5177.02,56.98,TRADE
VIC1,2016/09/28 07:00:00,5499.1,58.99,TRADE
VIC1,2016/09/28 07:30:00,5606.69,37.87,TRADE
VIC1,2016/09/28 08:00:00,5779.31,46.46,TRADE
VIC1,2016/09/28 08:30:00,5802.09,38.47,TRADE
VIC1,2016/09/28 09:00:00,5693.23,39.85,TRADE
VIC1,2016/09/28 09:30:00,5534.58,35.01,TRADE
VIC1,2016/09/28 10:00:00,5294.53,25.76,TRADE
VIC1,2016/09/28 10:30:00,5142.68,25.43,TRADE
VIC1,2016/09/28 11:00:00,5069.39,26.38,TRADE
VIC1,2016/09/28 11:30:00,4959.66,27.10,TRADE
VIC1,2016/09/28 12:00:00,4872.37,27.71,TRADE
VIC1,2016/09/28 12:30:00,4810.14,25.95,TRADE
VIC1,2016/09/28 13:00:00,4726.46,21.32,TRADE
VIC1,2016/09/28 13:30:00,4739.71,28.11,TRADE
VIC1,2016/09/28 14:00:00,4758.73,27.94,TRADE
VIC1,2016/09/28 14:30:00,4814.33,27.85,TRADE
VIC1,2016/09/28 15:00:00,4885.46,32.85,TRADE
VIC1,2016/09/28 15:30:00,4939.75,35.68,TRADE
VIC1,2016/09/28 16:00:00,4988.32,40.80,TRADE
VIC1,2016/09/28 16:30:00,5124.52,10.74,TRADE
VIC1,2016/09/28 17:00:00,5242.48,10.05,TRADE
VIC1,2016/09/28 17:30:00,5390.93,23.70,TRADE
VIC1,2016/09/28 18:00:00,5542.67,26.31,TRADE
VIC1,2016/09/28 18:30:00,5623.17,26.39,TRADE
VIC1,2016/09/28 19:00:00,5800.17,26.02,TRADE
VIC1,2016/09/28 19:30:00,5670.78,25.20,TRADE
VIC1,2016/09/28 20:00:00,5555.97,25.20,TRADE
VIC1,2016/09/28 20:30:00,5407.46,25.20,TRADE
VIC1,2016/09/28 21:00:00,5289.95,25.20,TRADE
VIC1,2016/09/28 21:30:00,5119.79,15.71,TRADE
VIC1,2016/09/28 22:00:00,4931.48,11.45,TRADE
VIC1,2016/09/28 22:30:00,4762.94,22.75,TRADE
VIC1,2016/09/28 23:00:00,4685.49,28.59,TRADE
VIC1,2016/09/28 23:30:00,4949.28,21.89,TRADE
VIC1,2016/09/29 00:00:00,4908.69,20.51,TRADE
VIC1,2016/09/29 00:30:00,4709.35,25.20,TRADE
VIC1,2016/09/29 01:00:00,4488,20.70,TRADE
VIC1,2016/09/29 01:30:00,4369.59,25.20,TRADE
VIC1,2016/09/29 02:00:00,4172.52,25.88,TRADE
VIC1,2016/09/29 02:30:00,3968.21,15.74,TRADE
VIC1,2016/09/29 03:00:00,3859.47,10.50,TRADE
VIC1,2016/09/29 03:30:00,3804.16,11.98,TRADE
VIC1,2016/09/29 04:00:00,3733.73,1,TRADE
VIC1,2016/09/29 04:30:00,3882.41,16.10,TRADE
VIC1,2016/09/29 05:00:00,4054.26,25.38,TRADE
VIC1,2016/09/29 05:30:00,4155.52,24.85,TRADE
VIC1,2016/09/29 06:00:00,4335.96,25.43,TRADE
VIC1,2016/09/29 06:30:00,4748.86,33.06,TRADE
VIC1,2016/09/29 07:00:00,5048.17,42.03,TRADE
VIC1,2016/09/29 07:30:00,5209.71,30.98,TRADE
VIC1,2016/09/29 08:00:00,5521.83,52.63,TRADE
VIC1,2016/09/29 08:30:00,5622.84,79.03,TRADE
VIC1,2016/09/29 09:00:00,5699.43,64.87,TRADE
VIC1,2016/09/29 09:30:00,5641.19,56.84,TRADE
VIC1,2016/09/29 10:00:00,5555.84,48.48,TRADE
VIC1,2016/09/29 10:30:00,5478.75,49.22,TRADE
VIC1,2016/09/29 11:00:00,5312.84,40.21,TRADE
VIC1,2016/09/29 11:30:00,5264.65,38.33,TRADE
VIC1,2016/09/29 12:00:00,5200.1,29.44,TRADE
VIC1,2016/09/29 12:30:00,5156.95,30.71,TRADE
VIC1,2016/09/29 13:00:00,5091.18,27.05,TRADE
VIC1,2016/09/29 13:30:00,5117.16,25.63,TRADE
VIC1,2016/09/29 14:00:00,5118.61,27.32,TRADE
VIC1,2016/09/29 14:30:00,5185.65,28.02,TRADE
VIC1,2016/09/29 15:00:00,5212.52,35.74,TRADE
VIC1,2016/09/29 15:30:00,5054.77,28.95,TRADE
VIC1,2016/09/29 16:00:00,5350.39,42.38,TRADE
VIC1,2016/09/29 16:30:00,5438.91,46,TRADE
VIC1,2016/09/29 17:00:00,5570.89,41.43,TRADE
VIC1,2016/09/29 17:30:00,5801.52,38.05,TRADE
VIC1,2016/09/29 18:00:00,5951.32,46.85,TRADE
VIC1,2016/09/29 18:30:00,6103.75,61.06,TRADE
VIC1,2016/09/29 19:00:00,6207.56,56.41,TRADE
VIC1,2016/09/29 19:30:00,6088.34,47.99,TRADE
VIC1,2016/09/29 20:00:00,5985.25,45.59,TRADE
VIC1,2016/09/29 20:30:00,5852.96,49.08,TRADE
VIC1,2016/09/29 21:00:00,5790.29,42.36,TRADE
VIC1,2016/09/29 21:30:00,5613.6,32.10,TRADE
VIC1,2016/09/29 22:00:00,5394.45,29.51,TRADE
VIC1,2016/09/29 22:30:00,5269.47,57.43,TRADE
VIC1,2016/09/29 23:00:00,5190.98,44.78,TRADE
VIC1,2016/09/29 23:30:00,5424.38,30.55,TRADE
VIC1,2016/09/30 00:00:00,5408.59,35.90,TRADE
VIC1,2016/09/30 00:30:00,5176.36,33.26,TRADE
VIC1,2016/09/30 01:00:00,4898.2,29.87,TRADE
VIC1,2016/09/30 01:30:00,4730.63,31.53,TRADE
VIC1,2016/09/30 02:00:00,4483.43,27.13,TRADE
VIC1,2016/09/30 02:30:00,4280.87,24.93,TRADE
VIC1,2016/09/30 03:00:00,4153.09,25.07,TRADE
VIC1,2016/09/30 03:30:00,4012.75,23.67,TRADE
VIC1,2016/09/30 04:00:00,3932.77,20.66,TRADE
VIC1,2016/09/30 04:30:00,3959.48,18.93,TRADE
VIC1,2016/09/30 05:00:00,3984.86,23.62,TRADE
VIC1,2016/09/30 05:30:00,4039.63,25.22,TRADE
VIC1,2016/09/30 06:00:00,4181.99,26.91,TRADE
VIC1,2016/09/30 06:30:00,4328.36,27.49,TRADE
VIC1,2016/09/30 07:00:00,4474.1,25.78,TRADE
VIC1,2016/09/30 07:30:00,4423.24,22.49,TRADE
VIC1,2016/09/30 08:00:00,4516.86,26.86,TRADE
VIC1,2016/09/30 08:30:00,4623.94,30.27,TRADE
VIC1,2016/09/30 09:00:00,4661.76,30.67,TRADE
VIC1,2016/09/30 09:30:00,4706.95,35.74,TRADE
VIC1,2016/09/30 10:00:00,4731.76,37.09,TRADE
VIC1,2016/09/30 10:30:00,4751.92,37.19,TRADE
VIC1,2016/09/30 11:00:00,4696.88,33.99,TRADE
VIC1,2016/09/30 11:30:00,4664.76,32.86,TRADE
VIC1,2016/09/30 12:00:00,4625.95,31.53,TRADE
VIC1,2016/09/30 12:30:00,4587.37,30.40,TRADE
VIC1,2016/09/30 13:00:00,4634.89,34.84,TRADE
VIC1,2016/09/30 13:30:00,4603.19,29.27,TRADE
VIC1,2016/09/30 14:00:00,4589.86,28.63,TRADE
VIC1,2016/09/30 14:30:00,4585.29,27.71,TRADE
VIC1,2016/09/30 15:00:00,4607.4,25.83,TRADE
VIC1,2016/09/30 15:30:00,4605.26,26.53,TRADE
VIC1,2016/09/30 16:00:00,4670.06,25.20,TRADE
VIC1,2016/09/30 16:30:00,4791.1,25.75,TRADE
VIC1,2016/09/30 17:00:00,4923.79,32.41,TRADE
VIC1,2016/09/30 17:30:00,5143.11,37.82,TRADE
VIC1,2016/09/30 18:00:00,5333.56,43.36,TRADE
VIC1,2016/09/30 18:30:00,5479.37,70.25,TRADE
VIC1,2016/09/30 19:00:00,5632.44,87.82,TRADE
VIC1,2016/09/30 19:30:00,5602.01,50.59,TRADE
VIC1,2016/09/30 20:00:00,5475.34,45.36,TRADE
VIC1,2016/09/30 20:30:00,5353.57,40.67,TRADE
VIC1,2016/09/30 21:00:00,5228.85,37.31,TRADE
VIC1,2016/09/30 21:30:00,5066.51,33.16,TRADE
VIC1,2016/09/30 22:00:00,4915.78,19.45,TRADE
VIC1,2016/09/30 22:30:00,4786.84,14.30,TRADE
VIC1,2016/09/30 23:00:00,4745.28,34.79,TRADE
VIC1,2016/09/30 23:30:00,5069.55,29.02,TRADE
VIC1,2016/10/01 00:00:00,5018.2,32.76,TRADE
