SETTLEMENTDATE,TOTALDEMAND,RRP,TOTALDEMAND_MIN,TOTALDEMAND_MAX
00:00:00,4185.32,64.76,4185.32,4185.32
01:00:00,4006.2649999999994,64.28499999999998,3954.85,4057.68
02:00:00,3740.7899999999995,63.84000000000001,3689.33,3792.25
03:00:00,3576.615,61.544999999999995,3550.62,3602.61
04:00:00,3497.775,56.035000000000004,3491.36,3504.19
05:00:00,3490.7000000000003,52.18,3483.63,3497.77
06:00:00,3526.0299999999993,45.879999999999995,3511.44,3540.62
07:00:00,3468.885,35.71999999999999,3423.34,3514.43
08:00:00,3377.0000000000005,32.145,3357.29,3396.71
09:00:00,3273.2700000000004,13.525,3245.13,3301.41
10:00:00,3157.73,15.185,3146.34,3169.12
11:00:00,3082.2450000000003,28.584999999999997,3069.29,3095.2
12:00:00,3064.6949999999997,28.245,3060.58,3068.81
13:00:00,3108.39,30.909999999999997,3085.47,3131.31
14:00:00,3230.6649999999995,34.195,3187.66,3273.67
15:00:00,3473.6049999999996,37.505,3381.79,3565.42
16:00:00,3878.2500000000005,48.724999999999994,3775.71,3980.79
17:00:00,4231.0199999999995,55.54,4155.4,4306.64
18:00:00,4486.355,61.589999999999996,4460.98,4511.73
19:00:00,4424.585,70.21,4375.39,4473.78
20:00:00,4365.204999999999,71.74,4362.22,4368.19
21:00:00,4246.115000000001,66.00000000000001,4201.61,4290.62
22:00:00,4037.3350000000005,63.61499999999999,3989.79,4084.88
23:00:00,4055.535,64.10000000000001,3949.52,4161.55
00:00:00,4716.48,69.88999999999999,4551.19,4881.77
01:00:00,4231.799999999999,54.464999999999996,4162.92,4300.68
02:00:00,4036.48,44.97,4000.75,4072.21
03:00:00,3948.53,45.285,3947.3,3949.76
04:00:00,3968.315,46.81,3945.15,3991.48
05:00:00,4007.2799999999993,43.79,3997.35,4017.21
06:00:00,4053.9550000000004,40.660000000000004,4010.12,4097.79
07:00:00,4155.240000000001,32.175,4148.58,4161.9
08:00:00,4244.015,33.21,4215.95,4272.08
09:00:00,4303.38,35.515,4251.92,4354.84
10:00:00,4422.71,35.565000000000005,4402.89,4442.53
11:00:00,4523.94,32.155,4517.29,4530.59
12:00:00,4664.765,52.10999999999999,4576.58,4752.95
13:00:00,4794.705,52.245000000000005,4736.34,4853.07
14:00:00,4357.584999999999,-0.9850000000000012,4232.17,4483.0
15:00:00,4082.8749999999995,-105.2,4072.54,4093.21
16:00:00,4092.2099999999996,-102.96499999999999,4091.98,4092.44
17:00:00,4231.624999999999,6.945,4188.97,4274.28
18:00:00,4339.785,5.77,4331.65,4347.92
19:00:00,4339.0,24.765000000000004,4327.25,4350.75
20:00:00,4345.4800000000005,97.15000000000002,4324.63,4366.33
21:00:00,4202.839999999999,67.07000000000001,4178.74,4226.94
22:00:00,4044.25,16.025000000000002,4019.85,4068.65
23:00:00,4138.365,28.419999999999998,4057.91,4218.82
00:00:00,4145.054999999999,36.07999999999999,4046.89,4243.22
01:00:00,3825.565,21.535,3765.07,3886.06
02:00:00,3614.84,34.419999999999995,3577.78,3651.9
03:00:00,3488.4150000000004,13.309999999999997,3459.91,3516.92
04:00:00,3459.3549999999996,-0.24,3440.09,3478.62
05:00:00,3499.72,-16.169999999999998,3475.63,3523.81
06:00:00,3597.9799999999996,-5.499999999999999,3544.68,3651.28
07:00:00,3775.6299999999997,4.8,3744.85,3806.41
08:00:00,3951.890000000001,33.375,3892.02,4011.76
09:00:00,4186.315,35.105000000000004,4146.63,4226.0
10:00:00,4188.71,30.305000000000003,4166.76,4210.66
11:00:00,4036.1800000000003,-13.270000000000001,4008.42,4063.94
12:00:00,3980.8250000000007,-5.8999999999999995,3966.51,3995.14
13:00:00,3918.0249999999996,-14.025,3850.14,3985.91
14:00:00,3856.6499999999996,-33.305,3852.94,3860.36
15:00:00,4039.65,6.48,3975.56,4103.74
16:00:00,4261.17,30.245000000000005,4205.27,4317.07
17:00:00,4452.51,42.519999999999996,4430.75,4474.27
18:00:00,4488.82,45.415,4487.48,4490.16
19:00:00,4403.009999999999,42.40500000000001,4381.71,4424.31
20:00:00,4377.66,44.69,4373.05,4382.27
21:00:00,4189.500000000001,41.535000000000004,4125.7,4253.3
22:00:00,3963.055,19.04,3913.41,4012.7
23:00:00,3970.6699999999996,33.555,3870.85,4070.49
00:00:00,4110.860000000001,49.544999999999995,4015.08,4206.64
01:00:00,3829.4500000000003,46.55500000000001,3784.6,3874.3
02:00:00,3603.48,15.589999999999996,3535.4,3671.56
03:00:00,3470.4100000000003,10.06,3463.53,3477.29
04:00:00,3492.8700000000003,32.545,3481.63,3504.11
05:00:00,3633.77,46.830000000000005,3587.52,3680.02
06:00:00,3760.785,50.23,3714.11,3807.46
07:00:00,3911.25,45.625,3896.49,3926.01
08:00:00,3973.5350000000003,-3.7450000000000006,3960.12,3986.95
09:00:00,3981.6200000000003,5.97,3980.52,3982.72
10:00:00,3851.235,9.1,3805.59,3896.88
11:00:00,3692.19,8.515,3664.57,3719.81
12:00:00,3539.9199999999996,5.805,3481.74,3598.1
13:00:00,3336.1200000000003,-0.25500000000000017,3280.92,3391.32
14:00:00,3290.155,-49.415,3251.22,3329.09
15:00:00,3390.4500000000003,-42.45499999999999,3388.08,3392.82
16:00:00,3579.25,-37.504999999999995,3497.36,3661.14
17:00:00,3974.61,30.035,3874.17,4075.05
18:00:00,4179.349999999999,40.805,4164.74,4193.96
19:00:00,4313.2699999999995,49.175000000000004,4293.2,4333.34
20:00:00,4351.54,48.099999999999994,4338.4,4364.68
21:00:00,4298.795000000001,48.01,4256.51,4341.08
22:00:00,4122.205000000001,47.06,4094.51,4149.9
23:00:00,4199.485,47.654999999999994,4095.76,4303.21
00:00:00,4219.025000000001,63.585,4113.84,4324.21
01:00:00,3880.315,46.080000000000005,3812.85,3947.78
02:00:00,3658.02,40.535,3617.73,3698.31
03:00:00,3548.0550000000003,41.925,3527.75,3568.36
04:00:00,3536.0950000000007,41.035,3513.15,3559.04
05:00:00,3617.53,43.870000000000005,3602.32,3632.74
06:00:00,3655.23,42.68000000000001,3630.56,3679.9
07:00:00,3701.5499999999997,38.440000000000005,3669.18,3733.92
08:00:00,3656.03,34.925000000000004,3654.47,3657.59
09:00:00,3736.35,40.760000000000005,3714.99,3757.71
10:00:00,3694.065,34.589999999999996,3666.55,3721.58
11:00:00,3537.735,33.155,3515.32,3560.15
12:00:00,3474.41,31.899999999999995,3425.97,3522.85
13:00:00,3283.2999999999997,31.109999999999996,3239.44,3327.16
14:00:00,3276.5399999999995,37.525,3252.11,3300.97
15:00:00,3387.44,33.144999999999996,3335.54,3439.34
16:00:00,3694.0850000000005,38.470000000000006,3608.42,3779.75
17:00:00,4118.995,63.824999999999996,4024.26,4213.73
18:00:00,4412.179999999999,63.75,4368.47,4455.89
19:00:00,4493.735000000001,68.08,4484.31,4503.16
20:00:00,4517.715,59.335,4494.17,4541.26
21:00:00,4398.535000000001,50.095,4327.43,4469.64
22:00:00,4148.7699999999995,48.830000000000005,4086.62,4210.92
23:00:00,4151.889999999999,44.06999999999999,4054.18,4249.6
00:00:00,4265.489999999999,45.400000000000006,4178.44,4352.54
01:00:00,4013.0,35.775,3958.84,4067.16
02:00:00,3779.48,44.275000000000006,3755.4,3803.56
03:00:00,3737.3300000000004,37.255,3724.53,3750.13
04:00:00,3810.025,41.650000000000006,3809.65,3810.4
05:00:00,3894.6649999999995,51.589999999999996,3856.08,3933.25
06:00:00,4076.285,57.745,4023.89,4128.68
07:00:00,4215.554999999999,56.615,4186.75,4244.36
08:00:00,4223.0650000000005,55.11000000000001,4222.36,4223.77
09:00:00,4172.775,51.035000000000004,4131.89,4213.66
10:00:00,4070.6399999999994,40.725,4053.67,4087.61
11:00:00,4030.3350000000005,35.46,4019.38,4041.29
12:00:00,4068.5299999999993,37.54,4046.94,4090.12
13:00:00,4237.174999999999,39.805,4182.73,4291.62
14:00:00,4509.575,52.145,4406.16,4612.99
15:00:00,4767.200000000001,47.855,4690.84,4843.56
16:00:00,5177.544999999999,82.01,5113.63,5241.46
17:00:00,5318.544999999999,57.645,5312.28,5324.81
18:00:00,5236.405,51.74,5213.7,5259.11
19:00:00,5173.015,64.31000000000002,5159.32,5186.71
20:00:00,5086.804999999999,63.665,5053.16,5120.45
21:00:00,4824.429999999999,57.654999999999994,4756.64,4892.22
22:00:00,4608.8,55.935,4554.77,4662.83
23:00:00,4649.67,64.885,4537.59,4761.75
00:00:00,4582.005000000001,72.38,4476.33,4687.68
01:00:00,4301.275000000001,61.5,4256.66,4345.89
02:00:00,4059.235,59.474999999999994,4002.8,4115.67
03:00:00,3943.3350000000005,66.18500000000002,3937.81,3948.86
04:00:00,3917.75,56.87,3916.41,3919.09
05:00:00,3941.725,61.57999999999999,3932.79,3950.66
06:00:00,3987.65,60.915,3955.38,4019.92
07:00:00,4029.455,58.080000000000005,4013.09,4045.82
08:00:00,4033.56,68.59999999999998,4019.23,4047.89
09:00:00,4057.1700000000005,50.830000000000005,4033.33,4081.01
10:00:00,4093.7949999999996,62.044999999999995,4076.77,4110.82
11:00:00,4186.8099999999995,61.800000000000004,4147.09,4226.53
12:00:00,4322.954999999999,61.074999999999996,4281.11,4364.8
13:00:00,4542.61,54.324999999999996,4512.08,4573.14
14:00:00,4935.285000000001,79.59499999999998,4803.35,5067.22
15:00:00,5207.36,75.69999999999999,5179.72,5235.0
16:00:00,5236.839999999999,66.04,5207.49,5266.19
17:00:00,5377.285,66.485,5372.23,5382.34
18:00:00,5162.389999999999,53.805,5083.49,5241.29
19:00:00,4912.755,60.695,4877.39,4948.12
20:00:00,4735.974999999999,60.88,4713.07,4758.88
21:00:00,4523.964999999999,48.964999999999996,4481.87,4566.06
22:00:00,4398.875,30.349999999999998,4362.49,4435.26
23:00:00,4431.494999999999,43.285000000000004,4311.25,4551.74
00:00:00,4572.1849999999995,56.60999999999999,4467.28,4677.09
01:00:00,4242.739999999999,55.18,4187.78,4297.7
02:00:00,4024.9300000000003,53.47,4016.56,4033.3
03:00:00,3924.91,52.415,3921.64,3928.18
04:00:00,3902.75,54.055,3899.51,3905.99
05:00:00,4004.9900000000002,48.56999999999999,3983.3,4026.68
06:00:00,4163.8150000000005,46.73,4128.34,4199.29
07:00:00,4191.6849999999995,46.165,4144.3,4239.07
08:00:00,4131.794999999999,44.605,4118.78,4144.81
09:00:00,3911.6649999999995,35.84499999999999,3800.87,4022.46
10:00:00,3816.36,36.07,3773.86,3858.86
11:00:00,3717.1650000000004,40.24,3686.61,3747.72
12:00:00,3637.3199999999997,20.05,3612.33,3662.31
13:00:00,3649.41,17.874999999999996,3634.58,3664.24
14:00:00,3842.75,43.605,3813.74,3871.76
15:00:00,4124.679999999999,43.58500000000001,4010.22,4239.14
16:00:00,4542.375,51.15,4454.84,4629.91
17:00:00,4945.855,64.295,4878.91,5012.8
18:00:00,5130.360000000001,64.58999999999999,5113.38,5147.34
19:00:00,5009.760000000001,65.71499999999999,4984.38,5035.14
20:00:00,4966.070000000001,64.915,4961.6,4970.54
21:00:00,4801.849999999999,61.07,4748.5,4855.2
22:00:00,4592.22,56.105,4553.23,4631.21
23:00:00,4598.239999999999,53.36000000000001,4522.56,4673.92
00:00:00,4525.985,53.544999999999995,4439.96,4612.01
01:00:00,4243.985,51.165,4198.5,4289.47
02:00:00,4025.4250000000006,52.73,3950.76,4100.09
03:00:00,3884.11,46.865,3860.41,3907.81
04:00:00,3880.275,49.98000000000001,3880.24,3880.31
05:00:00,3948.41,54.06999999999999,3925.86,3970.96
06:00:00,4011.859999999999,51.98,3949.1,4074.62
07:00:00,3987.0049999999997,48.16,3968.82,4005.19
08:00:00,3987.3799999999997,48.73,3974.77,3999.99
09:00:00,3996.015,47.10999999999999,3990.98,4001.05
10:00:00,3810.475,43.915,3804.53,3816.42
11:00:00,3811.8199999999997,38.22,3796.97,3826.67
12:00:00,3985.405,37.87,3984.03,3986.78
13:00:00,4004.345,41.755,3980.69,4028.0
14:00:00,4052.9,44.92499999999999,4015.81,4089.99
15:00:00,4173.25,44.29500000000001,4125.92,4220.58
16:00:00,4439.71,57.185,4347.2,4532.22
17:00:00,4701.8,65.66499999999999,4686.4,4717.2
18:00:00,4766.96,62.15500000000001,4740.04,4793.88
19:00:00,4754.364999999999,63.225,4725.17,4783.56
20:00:00,4744.134999999999,63.01499999999999,4719.85,4768.42
21:00:00,4604.6050000000005,55.89000000000001,4523.52,4685.69
22:00:00,4440.589999999999,50.17000000000001,4388.3,4492.88
23:00:00,4452.3949999999995,50.005,4333.99,4570.8
00:00:00,4406.169999999999,47.794999999999995,4321.21,4491.13
01:00:00,4200.145,48.065000000000005,4192.02,4208.27
02:00:00,4004.49,47.4,3968.66,4040.32
03:00:00,3885.9900000000002,45.220000000000006,3874.13,3897.85
04:00:00,3889.6,44.115,3870.94,3908.26
05:00:00,3979.8699999999994,48.29500000000001,3948.53,4011.21
06:00:00,4069.94,41.940000000000005,4033.95,4105.93
07:00:00,4078.6,39.51,4071.19,4086.01
08:00:00,4026.785,37.214999999999996,4025.39,4028.18
09:00:00,4004.1299999999997,42.79,3963.87,4044.39
10:00:00,3870.0849999999996,41.269999999999996,3862.1,3878.07
11:00:00,3911.7449999999994,43.505,3894.37,3929.12
12:00:00,3933.5749999999994,41.115,3913.41,3953.74
13:00:00,4043.6800000000003,40.084999999999994,4017.62,4069.74
14:00:00,4202.18,47.54999999999999,4129.27,4275.09
15:00:00,4437.935,58.755,4391.05,4484.82
16:00:00,4760.55,69.02,4687.49,4833.61
17:00:00,4947.28,79.13000000000001,4938.46,4956.1
18:00:00,4972.125000000001,85.27499999999999,4930.55,5013.7
19:00:00,4924.830000000001,94.805,4921.4,4928.26
20:00:00,4900.28,65.69000000000001,4888.99,4911.57
21:00:00,4689.08,59.60500000000001,4632.43,4745.73
22:00:00,4500.335,56.044999999999995,4448.56,4552.11
23:00:00,4495.06,53.74,4397.12,4593.0
00:00:00,6035.43,65.05,5789.46,6117.42
01:00:00,5567.925,59.295,5478.56,5657.29
02:00:00,5218.865,31.825000000000003,5151.68,5286.05
03:00:00,4950.049999999999,8.95,4917.69,4982.41
04:00:00,4977.85,23.165,4936.35,5019.35
05:00:00,5089.62,28.81,5051.58,5127.66
06:00:00,5315.6,51.005,5235.81,5395.39
07:00:00,5616.67,24.78,5549.04,5684.3
08:00:00,5968.094999999999,59.68000000000001,5880.74,6055.45
09:00:00,6361.145,165.87,6254.71,6467.58
10:00:00,6531.485000000001,223.55,6487.83,6575.14
11:00:00,6409.84,117.62,6374.15,6445.53
12:00:00,6249.83,148.075,6198.84,6300.82
13:00:00,6056.84,165.63,5984.97,6128.71
14:00:00,5826.345,136.305,5769.18,5883.51
15:00:00,5748.4400000000005,52.3,5740.77,5756.11
16:00:00,5575.45,20.48,5519.58,5631.32
17:00:00,5395.955,15.52,5341.96,5449.95
18:00:00,5286.264999999999,69.0,5268.9,5303.63
19:00:00,5058.780000000001,219.35,4970.52,5147.04
20:00:00,4969.74,121.24499999999999,4938.05,5001.43
21:00:00,4748.1849999999995,68.625,4702.29,4794.08
22:00:00,4495.610000000001,64.425,4390.56,4600.66
23:00:00,4484.29,68.07000000000001,4387.98,4580.6
00:00:00,4495.635,48.275000000000006,4412.91,4578.36
01:00:00,4184.995,22.77,4125.55,4244.44
02:00:00,3953.05,9.045,3904.67,4001.43
03:00:00,3782.67,12.465,3753.08,3812.26
04:00:00,3770.585,19.064999999999998,3767.96,3773.21
05:00:00,3898.87,8.95,3863.84,3933.9
06:00:00,4191.635,12.445,4141.25,4242.02
07:00:00,4043.275,9.715,3962.49,4124.06
08:00:00,3989.91,8.95,3967.6,4012.22
09:00:00,3716.7749999999996,8.205,3668.41,3765.14
10:00:00,3537.545,7.459999999999999,3531.04,3544.05
11:00:00,3533.74,10.425,3475.42,3592.06
12:00:00,3733.9700000000003,8.95,3677.03,3790.91
13:00:00,3730.715,9.489999999999998,3646.41,3815.02
14:00:00,3605.945,8.95,3581.38,3630.51
15:00:00,3713.4700000000003,8.95,3678.23,3748.71
16:00:00,4038.71,8.975,3951.55,4125.87
17:00:00,4428.62,11.645,4362.96,4494.28
18:00:00,4688.54,20.41,4642.01,4735.07
19:00:00,4734.9,35.43,4731.76,4738.04
20:00:00,4744.04,20.695,4737.74,4750.34
21:00:00,4538.8099999999995,5.9799999999999995,4462.93,4614.69
22:00:00,4293.73,4.5,4261.17,4326.29
23:00:00,4258.925,8.45,4173.68,4344.17
00:00:00,4445.764999999999,42.155,4343.11,4548.42
01:00:00,4137.46,31.58,4077.0,4197.92
02:00:00,3904.98,17.625,3862.1,3947.86
03:00:00,3823.505,14.015,3815.4,3831.61
04:00:00,3873.27,15.829999999999998,3850.99,3895.55
05:00:00,4000.775,29.29,3948.88,4052.67
06:00:00,4174.695,33.120000000000005,4117.87,4231.52
07:00:00,4309.275,35.535,4290.48,4328.07
08:00:00,4390.3099999999995,38.885,4370.72,4409.9
09:00:00,4355.92,34.3,4345.51,4366.33
10:00:00,4264.32,19.740000000000002,4244.63,4284.01
11:00:00,4199.1900000000005,17.58,4168.21,4230.17
12:00:00,4169.219999999999,12.715,4157.53,4180.91
13:00:00,4315.115,12.955,4253.21,4377.02
14:00:00,4551.175,31.34,4504.21,4598.14
15:00:00,4839.530000000001,34.055,4751.31,4927.75
16:00:00,5169.110000000001,35.584999999999994,5107.29,5230.93
17:00:00,5426.65,40.345,5398.67,5454.63
18:00:00,5403.629999999999,39.230000000000004,5360.48,5446.78
19:00:00,5227.98,38.155,5186.1,5269.86
20:00:00,5105.83,35.575,5048.07,5163.59
21:00:00,4818.860000000001,26.884999999999998,4753.46,4884.26
22:00:00,4484.040000000001,11.739999999999998,4402.31,4565.77
23:00:00,4473.84,21.575000000000003,4367.5,4580.18
00:00:00,4485.860000000001,26.035,4398.66,4573.06
01:00:00,4142.19,11.795,4090.27,4194.11
02:00:00,3920.1400000000003,11.274999999999999,3879.94,3960.34
03:00:00,3755.7200000000003,3.75,3753.54,3757.9
04:00:00,3820.12,6.720000000000001,3813.31,3826.93
05:00:00,3839.24,10.370000000000001,3815.56,3862.92
06:00:00,3986.785,21.11,3978.54,3995.03
07:00:00,4051.575,22.005000000000003,4039.84,4063.31
08:00:00,4057.8,9.219999999999999,4057.38,4058.22
09:00:00,4046.05,7.645,4016.64,4075.46
10:00:00,4025.13,-1.9700000000000002,4020.27,4029.99
11:00:00,4088.12,-0.76,4085.76,4090.48
12:00:00,4219.895,14.309999999999999,4170.35,4269.44
13:00:00,4350.825,20.15,4296.25,4405.4
14:00:00,4473.780000000001,17.035,4397.77,4549.79
15:00:00,4705.264999999999,36.1,4651.4,4759.13
16:00:00,4926.530000000001,36.465,4874.93,4978.13
17:00:00,5131.27,39.64,5124.84,5137.7
18:00:00,5011.91,37.845,4961.09,5062.73
19:00:00,4877.135,36.54,4846.87,4907.4
20:00:00,4852.835,30.005,4816.78,4888.89
21:00:00,4551.105,28.62,4471.48,4630.73
22:00:00,4264.66,32.535,4215.63,4313.69
23:00:00,4273.17,36.92,4178.16,4368.18
00:00:00,4699.17,57.715,4589.08,4809.26
01:00:00,4352.355,56.135000000000005,4299.56,4405.15
02:00:00,4135.095,41.41,4097.14,4173.05
03:00:00,4004.8450000000003,50.465,3998.07,4011.62
04:00:00,3989.035,43.269999999999996,3982.44,3995.63
05:00:00,4103.345,43.83,4035.93,4170.76
06:00:00,4329.05,45.995000000000005,4250.34,4407.76
07:00:00,4536.145,43.120000000000005,4530.18,4542.11
08:00:00,4695.105,41.735,4658.67,4731.54
09:00:00,4770.055,45.225,4754.88,4785.23
10:00:00,4753.415,40.83,4724.97,4781.86
11:00:00,4748.38,46.545,4726.54,4770.22
12:00:00,4724.045,46.34,4696.29,4751.8
13:00:00,4647.8099999999995,45.685,4607.09,4688.53
14:00:00,4600.425,47.295,4580.51,4620.34
15:00:00,4666.445,51.480000000000004,4650.86,4682.03
16:00:00,4774.594999999999,54.97,4742.91,4806.28
17:00:00,4868.04,60.47,4862.53,4873.55
18:00:00,4834.65,75.975,4818.41,4850.89
19:00:00,4669.975,141.53,4641.42,4698.53
20:00:00,4569.8150000000005,73.88,4508.01,4631.62
21:00:00,4331.945,59.31,4273.39,4390.5
22:00:00,4214.700000000001,61.7,4190.22,4239.18
23:00:00,4282.195,55.78,4188.62,4375.77
00:00:00,4290.75,46.83,4218.3,4363.2
01:00:00,4020.65,36.94,3957.78,4083.52
02:00:00,3755.415,14.305,3698.15,3812.68
03:00:00,3643.335,19.77,3629.88,3656.79
04:00:00,3618.76,9.215,3600.88,3636.64
05:00:00,3685.815,18.48,3648.42,3723.21
06:00:00,3830.62,38.345,3803.7,3857.54
07:00:00,3952.325,37.405,3941.33,3963.32
08:00:00,4024.5649999999996,34.155,4016.97,4032.16
09:00:00,4017.5150000000003,35.480000000000004,4001.96,4033.07
10:00:00,4010.835,45.74,4004.86,4016.81
11:00:00,4007.4449999999997,46.769999999999996,3994.0,4020.89
12:00:00,3912.1400000000003,43.135,3895.52,3928.76
13:00:00,3844.6949999999997,43.489999999999995,3814.25,3875.14
14:00:00,3911.395,43.644999999999996,3838.17,3984.62
15:00:00,4183.755,47.43,4101.09,4266.42
16:00:00,4571.4349999999995,49.81,4480.7,4662.17
17:00:00,4979.725,66.6,4913.47,5045.98
18:00:00,5125.6,107.21000000000001,5112.26,5138.94
19:00:00,5081.245,83.86500000000001,5040.78,5121.71
20:00:00,4964.7,67.025,4906.21,5023.19
21:00:00,4630.639999999999,55.065,4554.48,4706.8
22:00:00,4416.795,44.760000000000005,4343.34,4490.25
23:00:00,4424.115,43.59,4295.09,4553.14
00:00:00,4351.344999999999,48.375,4263.2,4439.49
01:00:00,4052.695,39.825,3995.01,4110.38
02:00:00,3812.425,36.715,3741.84,3883.01
03:00:00,3696.075,36.41,3668.3,3723.85
04:00:00,3693.38,42.98,3668.92,3717.84
05:00:00,3858.075,44.21,3790.83,3925.32
06:00:00,4098.69,50.540000000000006,4016.97,4180.41
07:00:00,4259.245,49.315,4248.94,4269.55
08:00:00,4194.05,38.69,4147.33,4240.77
09:00:00,3985.21,37.545,3930.47,4039.95
10:00:00,3790.915,34.52,3732.63,3849.2
11:00:00,3583.12,31.75,3554.31,3611.93
12:00:00,3510.685,32.79,3492.5,3528.87
13:00:00,3474.2349999999997,34.565,3466.48,3481.99
14:00:00,3541.92,36.08,3508.99,3574.85
15:00:00,3695.42,33.14,3635.03,3755.81
16:00:00,3986.105,37.8,3907.31,4064.9
17:00:00,4348.59,42.89,4268.35,4428.83
18:00:00,4619.85,48.075,4589.37,4650.33
19:00:00,4651.9400000000005,55.735,4649.66,4654.22
20:00:00,4633.045,49.42,4586.64,4679.45
21:00:00,4429.1849999999995,43.25,4386.32,4472.05
22:00:00,4289.91,45.93,4282.47,4297.35
23:00:00,4365.91,50.644999999999996,4261.26,4470.56
00:00:00,4412.885,52.705,4328.05,4497.72
01:00:00,4118.55,49.035,4063.93,4173.17
02:00:00,3908.1,45.03,3873.64,3942.56
03:00:00,3802.995,43.09,3783.45,3822.54
04:00:00,3782.335,41.81,3764.39,3800.28
05:00:00,3854.9750000000004,46.515,3812.53,3897.42
06:00:00,3974.63,46.31,3957.66,3991.6
07:00:00,4056.7799999999997,45.185,4040.49,4073.07
08:00:00,3986.245,38.43,3966.55,4005.94
09:00:00,3862.6549999999997,39.585,3821.32,3903.99
10:00:00,3745.3549999999996,40.955,3715.97,3774.74
11:00:00,3744.13,41.94,3725.97,3762.29
12:00:00,3823.3149999999996,42.120000000000005,3800.22,3846.41
13:00:00,4071.2200000000003,42.735,3990.63,4151.81
14:00:00,4468.785,51.4,4364.46,4573.11
15:00:00,5004.97,57.55,4851.97,5157.97
16:00:00,5497.61,70.29499999999999,5429.11,5566.11
17:00:00,5779.264999999999,64.69,5760.16,5798.37
18:00:00,5714.385,73.545,5662.02,5766.75
19:00:00,5485.335,74.26,5440.39,5530.28
20:00:00,5211.355,54.07,5102.25,5320.46
21:00:00,4802.89,46.144999999999996,4712.76,4893.02
22:00:00,4526.395,43.49,4466.3,4586.49
23:00:00,4494.505,46.474999999999994,4399.63,4589.38
00:00:00,4454.355,50.16,4366.73,4541.98
01:00:00,4147.41,45.515,4078.05,4216.77
02:00:00,3902.6549999999997,38.25,3841.59,3963.72
03:00:00,3764.0550000000003,40.165,3754.08,3774.03
04:00:00,3782.8199999999997,40.405,3751.29,3814.35
05:00:00,3948.37,46.84,3879.52,4017.22
06:00:00,4181.385,59.195,4122.61,4240.16
07:00:00,4397.27,65.395,4361.69,4432.85
08:00:00,4499.635,68.235,4490.82,4508.45
09:00:00,4340.35,52.730000000000004,4296.52,4384.18
10:00:00,4097.335,39.63,4027.02,4167.65
11:00:00,3848.93,38.11,3799.7,3898.16
12:00:00,3651.91,36.51,3626.73,3677.09
13:00:00,3586.4449999999997,36.155,3582.04,3590.85
14:00:00,3618.0299999999997,33.42,3582.52,3653.54
15:00:00,3815.63,38.08,3727.69,3903.57
16:00:00,4186.435,51.695,4074.27,4298.6
17:00:00,4568.785,58.065,4485.64,4651.93
18:00:00,4845.17,75.11500000000001,4824.79,4865.55
19:00:00,4816.465,75.045,4812.28,4820.65
20:00:00,4752.4400000000005,61.955,4693.33,4811.55
21:00:00,4485.455,51.75,4437.69,4533.22
22:00:00,4299.27,48.540000000000006,4259.62,4338.92
23:00:00,4390.335,55.480000000000004,4293.57,4487.1
00:00:00,4344.6849999999995,54.0975,4302.89,4470.07
01:00:00,4090.7950000000005,59.900000000000006,4031.58,4150.01
02:00:00,3860.6949999999997,52.77,3805.19,3916.2
03:00:00,3715.6949999999997,41.69,3694.26,3737.13
04:00:00,3665.59,36.544999999999995,3638.65,3692.53
05:00:00,3737.3650000000002,35.800000000000004,3693.94,3780.79
06:00:00,3844.03,30.935000000000002,3834.04,3854.02
07:00:00,3813.1699999999996,26.904999999999998,3755.62,3870.72
08:00:00,3832.06,16.035,3819.64,3844.48
09:00:00,3816.055,20.275,3794.73,3837.38
10:00:00,3701.94,16.325,3689.4,3714.48
11:00:00,3609.215,15.955,3584.5,3633.93
12:00:00,3601.28,3.84,3595.24,3607.32
13:00:00,3708.315,30.24,3645.31,3771.32
14:00:00,4129.27,40.794999999999995,3968.84,4289.7
15:00:00,4704.69,51.4,4567.81,4841.57
16:00:00,5065.24,53.20000000000001,4993.68,5136.8
17:00:00,5456.655000000001,88.52499999999999,5394.77,5518.54
18:00:00,5471.575,74.73,5399.7,5543.45
19:00:00,5158.584999999999,68.7,5098.67,5218.5
20:00:00,4881.679999999999,48.684999999999995,4791.64,4971.72
21:00:00,4600.0,42.135,4483.84,4716.16
22:00:00,4299.76,39.925,4221.09,4378.43
23:00:00,4263.005,38.64000000000001,4176.36,4349.65
00:00:00,4327.335,42.35500000000001,4236.52,4418.15
01:00:00,4051.0750000000003,17.205,3979.6,4122.55
02:00:00,3715.8150000000005,1.03,3665.65,3765.98
03:00:00,3638.9500000000003,10.100000000000001,3608.15,3669.75
04:00:00,3635.06,21.06,3625.0,3645.12
05:00:00,3772.3299999999995,27.645,3719.45,3825.21
06:00:00,4049.11,40.09499999999999,3982.36,4115.86
07:00:00,4227.57,41.275,4177.79,4277.35
08:00:00,4333.895,40.57,4330.54,4337.25
09:00:00,4221.744999999999,34.04500000000001,4175.74,4267.75
10:00:00,4048.655,21.689999999999998,4010.43,4086.88
11:00:00,3876.985,15.535000000000002,3843.94,3910.03
12:00:00,3734.535,21.37,3688.49,3780.58
13:00:00,3565.7850000000003,11.515,3476.59,3654.98
14:00:00,3553.3749999999995,22.400000000000002,3508.63,3598.12
15:00:00,3667.89,18.235,3595.96,3739.82
16:00:00,3905.815,23.87,3839.31,3972.32
17:00:00,4217.0,33.300000000000004,4138.84,4295.16
18:00:00,4497.419999999999,46.199999999999996,4470.4,4524.44
19:00:00,4598.035,45.365,4571.47,4624.6
20:00:00,4520.31,38.150000000000006,4476.93,4563.69
21:00:00,4312.679999999999,28.73,4272.91,4352.45
22:00:00,4168.334999999999,23.060000000000002,4125.6,4211.07
23:00:00,4211.075,28.799999999999997,4065.83,4356.32
00:00:00,4257.805,35.73500000000001,4164.1,4351.51
01:00:00,3970.7599999999998,19.44,3912.19,4029.33
02:00:00,3704.61,9.84,3641.45,3767.77
03:00:00,3552.285,8.950000000000001,3548.14,3556.43
04:00:00,3556.855,9.894999999999998,3543.17,3570.54
05:00:00,3652.4199999999996,14.949999999999998,3585.45,3719.39
06:00:00,3838.865,25.599999999999998,3789.36,3888.37
07:00:00,3931.8950000000004,27.575,3886.01,3977.78
08:00:00,3894.525,21.195000000000004,3887.12,3901.93
09:00:00,3817.375,5.249999999999999,3804.23,3830.52
10:00:00,3666.9149999999995,4.53,3631.92,3701.91
11:00:00,3487.045,-0.54,3452.07,3522.02
12:00:00,3465.3849999999998,6.1000000000000005,3457.08,3473.69
13:00:00,3419.1,3.5749999999999997,3401.43,3436.77
14:00:00,3376.785,1.06,3351.18,3402.39
15:00:00,3462.705,4.835,3387.5,3537.91
16:00:00,3751.545,5.069999999999999,3671.9,3831.19
17:00:00,4134.005,24.645,4057.07,4210.94
18:00:00,4337.175,41.37500000000001,4323.14,4351.21
19:00:00,4461.52,42.05,4429.07,4493.97
20:00:00,4434.794999999999,36.37,4386.21,4483.38
21:00:00,4227.63,30.97,4173.0,4282.26
22:00:00,4021.8349999999996,11.124999999999998,3969.53,4074.14
23:00:00,4129.455000000001,15.819999999999999,4027.1,4231.81
00:00:00,4208.580000000001,13.984999999999998,4115.86,4301.3
01:00:00,4004.15,7.715,3948.98,4059.32
02:00:00,3733.515,0.12,3668.44,3798.59
03:00:00,3601.27,0.5,3565.57,3636.97
04:00:00,3618.685,7.129999999999999,3604.53,3632.84
05:00:00,3741.7450000000003,21.99,3669.41,3814.08
06:00:00,3961.275,34.544999999999995,3927.35,3995.2
07:00:00,4058.4250000000006,49.965,4031.51,4085.34
08:00:00,3952.225,33.78,3925.77,3978.68
09:00:00,3732.1150000000002,5.71,3707.5,3756.73
10:00:00,3577.7000000000003,1.2699999999999998,3532.89,3622.51
11:00:00,3527.8750000000005,4.79,3507.29,3548.46
12:00:00,3396.33,3.3100000000000005,3379.05,3413.61
13:00:00,3349.125,-5.55,3323.48,3374.77
14:00:00,3351.015,2.8000000000000003,3331.07,3370.96
15:00:00,3593.195,9.450000000000001,3514.33,3672.06
16:00:00,3979.1949999999997,18.515,3828.22,4130.17
17:00:00,4474.955000000001,36.445,4419.01,4530.9
18:00:00,4704.18,46.855,4676.77,4731.59
19:00:00,4777.36,46.845,4731.55,4823.17
20:00:00,4676.384999999999,40.63,4593.89,4758.88
21:00:00,4354.46,37.645,4269.27,4439.65
22:00:00,4097.820000000001,35.05,4051.02,4144.62
23:00:00,4170.12,36.510000000000005,4058.93,4281.31
00:00:00,4239.46,37.085,4147.09,4331.83
01:00:00,3904.0849999999996,30.540000000000003,3846.87,3961.3
02:00:00,3640.8849999999998,21.360000000000003,3577.21,3704.56
03:00:00,3494.9449999999997,19.26,3491.33,3498.56
04:00:00,3493.4100000000003,5.08,3492.15,3494.67
05:00:00,3701.2099999999996,25.549999999999997,3641.39,3761.03
06:00:00,3979.9500000000003,36.655,3872.59,4087.31
07:00:00,4264.909999999999,40.315000000000005,4262.78,4267.04
08:00:00,4291.925,36.105000000000004,4282.27,4301.58
09:00:00,4130.21,25.135,4100.45,4159.97
10:00:00,3876.645,15.659999999999998,3812.69,3940.6
11:00:00,3686.455,15.700000000000003,3679.23,3693.68
12:00:00,3555.22,9.374999999999998,3521.84,3588.6
13:00:00,3467.225,21.875,3389.32,3545.13
14:00:00,3363.3800000000006,9.505,3355.56,3371.2
15:00:00,3472.0550000000003,12.83,3415.73,3528.38
16:00:00,3821.86,19.205000000000002,3726.25,3917.47
17:00:00,4314.955,32.24,4190.16,4439.75
18:00:00,4657.39,51.645,4616.83,4697.95
19:00:00,4780.22,50.355,4727.11,4833.33
20:00:00,4705.849999999999,38.845,4662.35,4749.35
21:00:00,4515.614999999999,38.16,4458.28,4572.95
22:00:00,4305.29,38.23,4260.6,4349.98
23:00:00,4353.04,38.410000000000004,4255.95,4450.13
00:00:00,4389.3,39.220000000000006,4314.18,4464.42
01:00:00,4113.56,35.46,4062.04,4165.08
02:00:00,3837.435,24.679999999999996,3779.24,3895.63
03:00:00,3728.1649999999995,19.68,3725.74,3730.59
04:00:00,3710.265,22.87,3706.09,3714.44
05:00:00,3768.35,31.200000000000003,3717.03,3819.67
06:00:00,3993.4799999999996,34.94,3933.04,4053.92
07:00:00,4128.319999999999,39.11000000000001,4117.53,4139.11
08:00:00,4128.889999999999,36.755,4117.46,4140.32
09:00:00,3908.065,15.460000000000003,3827.23,3988.9
10:00:00,3716.8099999999995,4.569999999999999,3689.1,3744.52
11:00:00,3634.035,1.16,3597.06,3671.01
12:00:00,3644.4,14.79,3623.33,3665.47
13:00:00,3577.5900000000006,-0.54,3569.63,3585.55
14:00:00,3602.6600000000003,15.409999999999997,3525.76,3679.56
15:00:00,3853.105,28.279999999999998,3792.49,3913.72
16:00:00,4166.18,35.135,4098.5,4233.86
17:00:00,4500.18,55.415,4427.6,4572.76
18:00:00,4779.86,59.98,4716.94,4842.78
19:00:00,4895.5199999999995,57.550000000000004,4855.54,4935.5
20:00:00,4765.224999999999,41.865,4698.48,4831.97
21:00:00,4448.465000000001,39.15,4350.72,4546.21
22:00:00,4190.505,36.67000000000001,4149.84,4231.17
23:00:00,4184.57,37.949999999999996,4104.5,4264.64
00:00:00,4480.51,46.17499999999999,4405.09,4555.93
01:00:00,4171.955,42.855,4092.57,4251.34
02:00:00,3945.5750000000003,40.915000000000006,3897.95,3993.2
03:00:00,3833.1200000000003,39.970000000000006,3799.63,3866.61
04:00:00,3818.3749999999995,42.629999999999995,3777.04,3859.71
05:00:00,3967.58,47.61499999999999,3912.22,4022.94
06:00:00,4216.015,50.0,4125.35,4306.68
07:00:00,4405.200000000001,49.13,4386.51,4423.89
08:00:00,4493.774999999999,43.76,4482.63,4504.92
09:00:00,4443.37,41.45000000000001,4407.02,4479.72
10:00:00,4394.935,40.550000000000004,4369.18,4420.69
11:00:00,4330.150000000001,47.91,4297.25,4363.05
12:00:00,4143.909999999999,42.66,4074.37,4213.45
13:00:00,3935.8050000000003,37.574999999999996,3930.86,3940.75
14:00:00,3990.7250000000004,38.26499999999999,3943.41,4038.04
15:00:00,4113.44,37.79,4084.48,4142.4
16:00:00,4439.415,51.81,4330.05,4548.78
17:00:00,4798.37,52.32500000000001,4738.06,4858.68
18:00:00,4971.595000000001,64.55,4956.43,4986.76
19:00:00,4986.56,84.43499999999999,4985.97,4987.15
20:00:00,4801.195,47.565,4730.07,4872.32
21:00:00,4547.415,44.04,4504.94,4589.89
22:00:00,4352.12,45.835,4321.39,4382.85
23:00:00,4418.224999999999,46.16,4334.74,4501.71
00:00:00,4430.47,47.73,4360.73,4500.21
01:00:00,4149.884999999999,42.940000000000005,4086.89,4212.88
02:00:00,3873.3199999999997,38.455,3790.78,3955.86
03:00:00,3706.655,35.595,3650.4,3762.91
04:00:00,3591.5550000000003,34.41,3568.08,3615.03
05:00:00,3659.0550000000003,36.07999999999999,3615.32,3702.79
06:00:00,3798.815,38.865,3726.18,3871.45
07:00:00,3989.61,38.435,3987.39,3991.83
08:00:00,4083.4599999999996,37.6,4068.05,4098.87
09:00:00,4095.1949999999997,32.775,4074.07,4116.32
10:00:00,4031.6749999999997,19.990000000000002,3999.02,4064.33
11:00:00,3917.8399999999997,14.275,3878.48,3957.2
12:00:00,3800.4150000000004,16.315,3781.32,3819.51
13:00:00,3691.41,14.100000000000001,3662.68,3720.14
14:00:00,3524.7100000000005,6.994999999999998,3511.0,3538.42
15:00:00,3580.93,13.315,3534.47,3627.39
16:00:00,3992.8650000000002,33.035000000000004,3856.63,4129.1
17:00:00,4474.735,49.199999999999996,4359.4,4590.07
18:00:00,4816.3550000000005,50.535,4788.24,4844.47
19:00:00,4840.44,46.654999999999994,4839.2,4841.68
20:00:00,4664.435,39.065000000000005,4589.1,4739.77
21:00:00,4402.454999999999,40.4,4340.92,4463.99
22:00:00,4159.385000000001,40.74,4108.97,4209.8
23:00:00,4174.015,43.870000000000005,4078.81,4269.22
00:00:00,4391.23,51.98,4304.17,4478.29
01:00:00,4119.964999999999,44.245000000000005,4060.55,4179.38
02:00:00,3876.01,49.089999999999996,3824.47,3927.55
03:00:00,3729.7749999999996,39.48499999999999,3720.39,3739.16
04:00:00,3657.94,50.004999999999995,3602.76,3713.12
05:00:00,3599.475,45.51,3580.68,3618.27
06:00:00,3850.39,51.830000000000005,3784.13,3916.65
07:00:00,4012.3700000000003,63.74500000000001,4012.09,4012.65
08:00:00,4000.77,53.11499999999999,3979.77,4021.77
09:00:00,3868.4600000000005,38.839999999999996,3824.11,3912.81
10:00:00,3706.2000000000003,31.284999999999997,3675.73,3736.67
11:00:00,3578.9149999999995,25.814999999999998,3559.46,3598.37
12:00:00,3538.15,24.155,3523.74,3552.56
13:00:00,3576.765,28.914999999999996,3556.98,3596.55
14:00:00,3744.91,47.09,3716.65,3773.17
15:00:00,4001.34,50.099999999999994,3912.84,4089.84
16:00:00,4455.63,47.65,4336.49,4574.77
17:00:00,4893.825,62.635,4802.63,4985.02
18:00:00,5049.485,70.77999999999999,5033.73,5065.24
19:00:00,4987.660000000001,63.1,4933.31,5042.01
20:00:00,4644.205000000001,51.775000000000006,4562.52,4725.89
21:00:00,4361.755,46.68,4292.64,4430.87
22:00:00,4146.919999999999,45.129999999999995,4089.87,4203.97
23:00:00,4131.57,44.975,4015.31,4247.83
00:00:00,4144.305,42.385,4056.02,4232.59
01:00:00,3861.7149999999997,36.230000000000004,3791.41,3932.02
02:00:00,3588.3299999999995,25.404999999999998,3527.17,3649.49
03:00:00,3405.2599999999998,17.539999999999996,3353.35,3457.17
04:00:00,3358.7050000000004,19.76,3354.88,3362.53
05:00:00,3376.1749999999997,23.425,3347.05,3405.3
06:00:00,3525.235,32.81,3457.72,3592.75
07:00:00,3715.31,37.91,3703.34,3727.28
08:00:00,3767.69,49.31999999999999,3760.85,3774.53
09:00:00,3742.09,50.57,3720.04,3764.14
10:00:00,3572.315,32.615,3525.1,3619.53
11:00:00,3632.4250000000006,40.135,3572.72,3692.13
12:00:00,3939.3250000000003,32.925,3841.51,4037.14
13:00:00,4233.655,44.26,4220.38,4246.93
14:00:00,4335.13,52.035,4330.92,4339.34
15:00:00,4414.919999999999,44.95499999999999,4384.72,4445.12
16:00:00,4351.094999999999,44.04,4291.96,4410.23
17:00:00,4514.65,52.065,4442.84,4586.46
18:00:00,4634.610000000001,58.9,4615.02,4654.2
19:00:00,4680.785,56.660000000000004,4652.67,4708.9
20:00:00,4481.3099999999995,49.805,4421.69,4540.93
21:00:00,4297.675,48.309999999999995,4254.83,4340.52
22:00:00,4145.160000000001,48.669999999999995,4104.72,4185.6
23:00:00,4235.335,51.22,4107.42,4363.25
00:00:00,4367.1849999999995,56.74,4283.19,4451.18
01:00:00,4046.2550000000006,54.705000000000005,3968.59,4123.92
02:00:00,3764.6150000000002,45.190000000000005,3726.5,3802.73
03:00:00,3621.4400000000005,42.285,3589.29,3653.59
04:00:00,3533.98,26.444999999999997,3498.38,3569.58
05:00:00,3613.5,31.39,3568.61,3658.39
06:00:00,3792.9150000000004,33.25,3733.31,3852.52
07:00:00,3995.475,37.800000000000004,3994.78,3996.17
08:00:00,4056.9900000000002,33.31,4041.19,4072.79
09:00:00,4240.87,36.449999999999996,4213.44,4268.3
10:00:00,4030.7449999999994,7.8450000000000015,3951.21,4110.28
11:00:00,3890.7700000000004,10.455,3866.42,3915.12
12:00:00,4032.35,31.129999999999995,4015.23,4049.47
13:00:00,3914.2049999999995,25.825,3880.24,3948.17
14:00:00,4286.549999999999,28.710000000000004,4242.32,4330.78
15:00:00,4359.420000000001,32.16,4322.37,4396.47
16:00:00,4615.735000000001,37.709999999999994,4506.02,4725.45
17:00:00,4990.415,48.550000000000004,4979.61,5001.22
18:00:00,5144.18,58.59499999999999,5126.82,5161.54
19:00:00,5184.135000000001,59.97,5152.58,5215.69
20:00:00,4932.860000000001,47.1,4856.54,5009.18
21:00:00,4696.73,41.23999999999999,4636.3,4757.16
22:00:00,4409.964999999999,37.449999999999996,4311.21,4508.72
23:00:00,4332.87,36.714999999999996,4253.1,4412.64
00:00:00,4374.099999999999,38.169999999999995,4309.96,4438.24
01:00:00,4098.794999999999,29.155000000000005,4025.64,4171.95
02:00:00,3779.0750000000003,11.155000000000001,3708.19,3849.96
03:00:00,3523.78,-2.765,3506.33,3541.23
04:00:00,3396.64,-19.56,3386.73,3406.55
05:00:00,3409.0499999999997,-43.620000000000005,3387.91,3430.19
06:00:00,3563.2550000000006,-16.185000000000002,3493.81,3632.7
07:00:00,3827.605,28.609999999999996,3774.37,3880.84
08:00:00,4110.909999999999,8.665000000000001,4055.88,4165.94
09:00:00,4319.740000000001,3.655,4314.12,4325.36
10:00:00,4386.329999999999,-11.314999999999998,4382.78,4389.88
11:00:00,4405.1449999999995,-8.6,4378.31,4431.98
12:00:00,4534.274999999999,0.2399999999999999,4491.38,4577.17
13:00:00,4576.735000000001,13.999999999999998,4557.88,4595.59
14:00:00,4538.88,27.735,4511.77,4565.99
15:00:00,4490.0199999999995,28.724999999999998,4470.36,4509.68
16:00:00,4636.73,41.059999999999995,4568.23,4705.23
17:00:00,4996.105,49.294999999999995,4898.34,5093.87
18:00:00,5374.885,62.62,5290.91,5458.86
19:00:00,5475.25,62.32,5400.3,5550.2
20:00:00,5144.925,52.55500000000001,5078.05,5211.8
21:00:00,4879.135,46.39000000000001,4815.0,4943.27
22:00:00,4649.420000000001,45.794999999999995,4578.47,4720.37
23:00:00,4607.240000000001,50.57,4524.94,4689.54
00:00:00,4619.8,61.27500000000001,4497.8,4741.8
01:00:00,4274.235,60.995,4188.36,4360.11
02:00:00,3908.2200000000007,53.105,3837.38,3979.06
03:00:00,3598.3699999999994,28.429999999999996,3446.64,3750.1
04:00:00,3535.2999999999997,14.574999999999998,3507.32,3563.28
05:00:00,3622.3250000000003,44.895,3614.05,3630.6
06:00:00,3707.2250000000004,45.76,3685.34,3729.11
07:00:00,3761.7500000000005,42.199999999999996,3747.7,3775.8
08:00:00,3866.7449999999994,32.169999999999995,3855.58,3877.91
09:00:00,3836.1,33.86,3804.52,3867.68
10:00:00,3596.17,27.669999999999998,3531.02,3661.32
11:00:00,3668.42,10.965000000000002,3547.91,3788.93
12:00:00,3882.595,16.05,3872.09,3893.1
13:00:00,3626.4300000000003,25.680000000000003,3552.33,3700.53
14:00:00,3492.605,8.614999999999998,3438.06,3547.15
15:00:00,3505.475,-16.05,3489.77,3521.18
16:00:00,3736.3350000000005,24.27,3620.29,3852.38
17:00:00,4238.41,83.53999999999999,4076.23,4400.59
18:00:00,4792.625,118.30999999999999,4675.07,4910.18
19:00:00,4828.11,46.165,4736.59,4919.63
20:00:00,4474.400000000001,36.300000000000004,4382.66,4566.14
21:00:00,4216.14,35.910000000000004,4170.4,4261.88
22:00:00,3976.9649999999997,18.055,3888.94,4064.99
23:00:00,4066.48,24.235000000000003,3922.42,4210.54
00:00:00,4117.97,26.23,4006.52,4229.42
01:00:00,3788.68,14.829999999999998,3710.23,3867.13
02:00:00,3452.01,-11.455,3363.52,3540.5
03:00:00,3219.0,-20.175,3164.01,3273.99
04:00:00,3129.3799999999997,-7.210000000000001,3122.89,3135.87
05:00:00,3134.0699999999997,-0.455,3094.45,3173.69
06:00:00,3267.975,0.17,3237.02,3298.93
07:00:00,3395.0850000000005,2.7099999999999995,3373.63,3416.54
08:00:00,3474.65,0.04,3453.47,3495.83
09:00:00,3424.93,0.0,3405.8,3444.06
10:00:00,3333.23,-4.265,3284.54,3381.92
11:00:00,3430.6200000000003,-2.08,3390.46,3470.78
12:00:00,3428.42,-0.75,3426.59,3430.25
13:00:00,3440.5249999999996,0.535,3411.59,3469.46
14:00:00,3642.0499999999997,19.580000000000002,3617.46,3666.64
15:00:00,3671.565,14.825000000000001,3628.76,3714.37
16:00:00,3949.66,24.419999999999998,3866.24,4033.08
17:00:00,4427.29,38.10999999999999,4265.91,4588.67
18:00:00,5038.320000000001,60.915,4914.38,5162.26
19:00:00,5127.475,53.77,5028.68,5226.27
20:00:00,4822.495,48.26500000000001,4753.44,4891.55
21:00:00,4616.750000000001,45.99,4575.63,4657.87
22:00:00,4409.244999999999,44.415,4339.17,4479.32
23:00:00,4355.674999999999,44.88,4282.93,4428.42
00:00:00,4351.355,48.905,4264.98,4437.73
01:00:00,4050.35,45.62,3995.07,4105.63
02:00:00,3753.2549999999997,30.985000000000003,3676.31,3830.2
03:00:00,3521.9,17.985,3481.65,3562.15
04:00:00,3395.125,23.855,3394.72,3395.53
05:00:00,3395.7450000000003,23.794999999999998,3388.98,3402.51
06:00:00,3502.2999999999997,29.685000000000002,3441.96,3562.64
07:00:00,3626.205,26.905000000000005,3610.14,3642.27
08:00:00,3820.2000000000007,20.09,3776.07,3864.33
09:00:00,3938.98,18.585000000000004,3936.59,3941.37
10:00:00,3910.09,7.435,3860.23,3959.95
11:00:00,4089.85,36.455,4069.95,4109.75
12:00:00,4148.179999999999,32.74,4098.42,4197.94
13:00:00,4134.74,38.565000000000005,4105.02,4164.46
14:00:00,4113.38,27.590000000000003,4094.3,4132.46
15:00:00,4215.92,36.985,4161.84,4270.0
16:00:00,4522.995,40.910000000000004,4428.54,4617.45
17:00:00,5041.365000000001,60.615,4884.94,5197.79
18:00:00,5515.285,196.21,5455.71,5574.86
19:00:00,5433.275,55.51,5341.3,5525.25
20:00:00,5130.675,49.400000000000006,5062.08,5199.27
21:00:00,4882.55,49.88999999999999,4829.31,4935.79
22:00:00,4672.165,48.160000000000004,4605.42,4738.91
23:00:00,4594.205000000001,54.699999999999996,4513.96,4674.45
00:00:00,4590.124999999999,52.87,4500.3,4679.95
01:00:00,4248.090000000001,52.21,4174.54,4321.64
02:00:00,3926.8199999999997,42.81,3840.76,4012.88
03:00:00,3727.6700000000005,41.605,3700.13,3755.21
04:00:00,3638.03,40.11,3622.24,3653.82
05:00:00,3677.94,41.675000000000004,3638.77,3717.11
06:00:00,3851.334999999999,41.61000000000001,3778.93,3923.74
07:00:00,4043.6699999999996,40.595000000000006,4040.99,4046.35
08:00:00,4188.88,36.285,4132.96,4244.8
09:00:00,4183.61,30.595000000000002,4177.99,4189.23
10:00:00,4070.8250000000003,26.25,4022.22,4119.43
11:00:00,3852.025,20.095,3821.27,3882.78
12:00:00,3632.9500000000003,32.01,3593.15,3672.75
13:00:00,3459.135,23.09,3434.95,3483.32
14:00:00,3424.6200000000003,28.03,3401.59,3447.65
15:00:00,3588.2400000000002,33.565000000000005,3517.76,3658.72
16:00:00,3951.6750000000006,40.12500000000001,3848.02,4055.33
17:00:00,4575.265,77.42999999999999,4398.56,4751.97
18:00:00,5244.400000000001,255.64,5132.12,5356.68
19:00:00,5352.180000000001,106.64500000000002,5287.72,5416.64
20:00:00,5035.045,55.879999999999995,4982.27,5087.82
21:00:00,4771.4400000000005,53.055,4725.79,4817.09
22:00:00,4534.874999999999,44.595,4460.89,4608.86
23:00:00,4457.055,45.725,4369.93,4544.18
00:00:00,4549.45,41.315,4453.52,4645.38
01:00:00,4203.974999999999,36.375,4126.71,4281.24
02:00:00,3882.6499999999996,32.37500000000001,3817.21,3948.09
03:00:00,3692.4249999999997,19.765,3668.93,3715.92
04:00:00,3581.445,15.345,3558.57,3604.32
05:00:00,3583.8650000000002,16.405,3526.83,3640.9
06:00:00,3805.1450000000004,30.764999999999997,3757.39,3852.9
07:00:00,3982.57,35.38,3944.83,4020.31
08:00:00,4217.23,36.184999999999995,4169.54,4264.92
09:00:00,4320.400000000001,37.775,4314.97,4325.83
10:00:00,4232.919999999999,31.91,4215.81,4250.03
11:00:00,4236.79,27.67,4231.92,4241.66
12:00:00,4285.509999999999,34.919999999999995,4274.9,4296.12
13:00:00,4388.509999999999,36.225,4354.65,4422.37
14:00:00,4494.725,37.004999999999995,4479.79,4509.66
15:00:00,4557.03,39.125,4519.53,4594.53
16:00:00,4812.009999999999,41.85,4737.72,4886.3
17:00:00,5174.96,50.135,5069.35,5280.57
18:00:00,5569.87,108.07499999999999,5519.38,5620.36
19:00:00,5544.31,62.279999999999994,5475.35,5613.27
20:00:00,5231.884999999999,57.46,5149.44,5314.33
21:00:00,4986.4800000000005,49.879999999999995,4937.43,5035.53
22:00:00,4784.400000000001,49.355,4731.16,4837.64
23:00:00,4769.99,48.61000000000001,4678.57,4861.41
00:00:00,4750.68,54.57,4654.54,4846.82
01:00:00,4402.21,57.455000000000005,4322.51,4481.91
02:00:00,4052.455,51.175000000000004,3969.68,4135.23
03:00:00,3810.185,52.69499999999999,3766.99,3853.38
04:00:00,3718.31,46.135,3710.52,3726.1
05:00:00,3706.015,44.02,3685.63,3726.4
06:00:00,3812.5200000000004,43.28,3749.25,3875.79
07:00:00,3954.1600000000003,42.21,3946.05,3962.27
08:00:00,4131.16,39.405,4070.82,4191.5
09:00:00,4140.590000000001,35.16,4113.63,4167.55
10:00:00,3923.2400000000002,19.18,3849.92,3996.56
11:00:00,3666.3799999999997,27.845000000000002,3623.02,3709.74
12:00:00,3618.5,17.320000000000004,3610.28,3626.72
13:00:00,3614.9900000000002,8.305000000000001,3608.52,3621.46
14:00:00,3679.4899999999993,15.025,3646.99,3711.99
15:00:00,3921.3849999999998,27.004999999999995,3850.29,3992.48
16:00:00,4272.975,33.125,4154.84,4391.11
17:00:00,4790.155000000001,50.96999999999999,4663.25,4917.06
18:00:00,5405.915,71.125,5301.83,5510.0
19:00:00,5311.655,48.215,5205.34,5417.97
20:00:00,4904.225,28.024999999999995,4816.04,4992.41
21:00:00,4549.07,12.045000000000002,4505.62,4592.52
22:00:00,4320.94,5.2,4226.65,4415.23
23:00:00,4280.63,6.13,4156.49,4404.77
00:00:00,4609.075,43.875,4507.11,4711.04
01:00:00,4261.025000000001,40.065000000000005,4186.15,4335.9
02:00:00,3932.109999999999,31.314999999999998,3860.62,4003.6
03:00:00,3687.8999999999996,18.974999999999998,3627.03,3748.77
04:00:00,3597.24,13.479999999999999,3590.68,3603.8
05:00:00,3640.7450000000003,20.929999999999996,3608.93,3672.56
06:00:00,3829.3999999999996,29.344999999999995,3766.7,3892.1
07:00:00,3935.31,29.63,3922.72,3947.9
08:00:00,4010.97,10.770000000000001,4001.12,4020.82
09:00:00,3890.4750000000004,4.25,3838.31,3942.64
10:00:00,3726.9950000000003,-5.009999999999999,3677.82,3776.17
11:00:00,3769.0149999999994,-6.680000000000001,3639.67,3898.36
12:00:00,3428.5750000000003,-15.040000000000001,3355.78,3501.37
13:00:00,3323.0349999999994,-23.605,3292.2,3353.87
14:00:00,3434.845,-17.8,3382.45,3487.24
15:00:00,3531.6650000000004,-6.315,3438.7,3624.63
16:00:00,4045.48,19.939999999999998,3899.92,4191.04
17:00:00,4582.440000000001,39.395,4453.8,4711.08
18:00:00,5099.86,71.295,5032.56,5167.16
19:00:00,4997.485,37.760000000000005,4909.25,5085.72
20:00:00,4649.605,18.745,4568.14,4731.07
21:00:00,4400.515,5.34,4368.54,4432.49
22:00:00,4207.945000000001,6.37,4129.5,4286.39
23:00:00,4253.41,7.085,4137.0,4369.82
00:00:00,4339.875,11.57,4266.82,4412.93
01:00:00,4043.3050000000003,10.899999999999999,3972.04,4114.57
02:00:00,3708.1549999999993,-4.930000000000001,3644.37,3771.94
03:00:00,3464.2549999999997,-5.45,3421.96,3506.55
04:00:00,3336.5750000000003,-3.0500000000000007,3331.96,3341.19
05:00:00,3303.86,-5.3500000000000005,3283.64,3324.08
06:00:00,3309.7149999999997,-12.830000000000004,3271.95,3347.48
07:00:00,3469.1649999999995,-2.97,3441.58,3496.75
08:00:00,3603.955,5.47,3564.98,3642.93
09:00:00,3632.265,7.864999999999999,3595.05,3669.48
10:00:00,3807.06,4.355,3806.3,3807.82
11:00:00,3761.845,-15.07,3668.58,3855.11
12:00:00,3639.97,-13.559999999999997,3604.34,3675.6
13:00:00,3581.3600000000006,1.295,3578.64,3584.08
14:00:00,3526.865,5.455000000000001,3506.78,3546.95
15:00:00,3611.0350000000003,2.9450000000000003,3565.19,3656.88
16:00:00,4038.155,13.56,3898.36,4177.95
17:00:00,4655.724999999999,32.54,4484.92,4826.53
18:00:00,5323.214999999999,46.875,5200.56,5445.87
19:00:00,5335.75,43.65,5250.77,5420.73
20:00:00,5064.925,39.36000000000001,4993.38,5136.47
21:00:00,4823.929999999999,38.87500000000001,4784.55,4863.31
22:00:00,4627.04,31.810000000000002,4562.49,4691.59
23:00:00,4564.935,24.820000000000004,4468.55,4661.32
00:00:00,4795.054999999999,28.13,4669.73,4920.38
01:00:00,4392.025000000001,26.685,4285.9,4498.15
02:00:00,3976.6300000000006,17.445,3873.95,4079.31
03:00:00,3704.2749999999996,-2.515,3662.53,3746.02
04:00:00,3575.0550000000003,-8.595,3551.9,3598.21
05:00:00,3575.4599999999996,-0.9550000000000001,3549.76,3601.16
06:00:00,3738.145,-0.9049999999999999,3677.79,3798.5
07:00:00,3991.78,18.705000000000002,3961.62,4021.94
08:00:00,4344.115000000001,22.775000000000002,4243.89,4444.34
09:00:00,4683.6050000000005,29.83,4609.31,4757.9
10:00:00,4809.294999999999,16.43,4805.99,4812.6
11:00:00,4699.3099999999995,13.795,4642.44,4756.18
12:00:00,4620.175,12.785000000000002,4601.65,4638.7
13:00:00,4562.945000000001,4.375,4557.86,4568.03
14:00:00,4531.170000000001,13.409999999999997,4504.37,4557.97
15:00:00,4647.554999999999,14.870000000000003,4624.38,4670.73
16:00:00,4934.29,27.97,4833.95,5034.63
17:00:00,5447.9800000000005,35.995000000000005,5313.56,5582.4
18:00:00,6018.68,54.01999999999999,5947.73,6089.63
19:00:00,5904.815,37.28,5830.9,5978.73
20:00:00,5564.275000000001,36.725,5475.04,5653.51
21:00:00,5274.079999999999,34.535000000000004,5205.99,5342.17
22:00:00,5005.375,33.51499999999999,4917.16,5093.59
23:00:00,4869.634999999999,36.910000000000004,4807.03,4932.24
00:00:00,4795.8949999999995,36.755,4686.24,4905.55
01:00:00,4413.785000000001,32.355,4324.81,4502.76
02:00:00,4067.2749999999996,27.355,3987.87,4146.68
03:00:00,3835.105,7.794999999999999,3787.32,3882.89
04:00:00,3730.03,22.24,3726.05,3734.01
05:00:00,3716.6749999999997,23.14,3704.05,3729.3
06:00:00,3825.1649999999995,20.535,3767.33,3883.0
07:00:00,3960.16,24.090000000000003,3943.16,3977.16
08:00:00,4127.485,37.76500000000001,4096.26,4158.71
09:00:00,4294.059999999999,41.24999999999999,4225.95,4362.17
10:00:00,4305.55,39.975,4275.98,4335.12
11:00:00,4158.535000000001,35.245000000000005,4117.95,4199.12
12:00:00,4140.91,26.164999999999996,4128.93,4152.89
13:00:00,4174.004999999999,11.174999999999999,4128.73,4219.28
14:00:00,4324.920000000001,24.180000000000003,4283.64,4366.2
15:00:00,4572.14,29.03,4479.15,4665.13
16:00:00,4972.705000000001,38.365,4864.69,5080.72
17:00:00,5589.860000000001,49.0,5412.97,5766.75
18:00:00,5992.32,65.695,5949.87,6034.77
19:00:00,5946.31,55.43000000000001,5895.75,5996.87
20:00:00,5615.495,51.875,5532.72,5698.27
21:00:00,5301.509999999999,47.65,5224.53,5378.49
22:00:00,4969.885000000001,43.199999999999996,4878.81,5060.96
23:00:00,4839.575000000001,42.519999999999996,4759.57,4919.58
00:00:00,4250.850000000001,32.935,4076.51,4425.19
01:00:00,3952.4799999999996,15.020000000000001,3904.97,3999.99
02:00:00,3781.385,-0.1800000000000003,3739.63,3823.14
03:00:00,3610.9950000000003,-2.125,3565.19,3656.8
04:00:00,3529.975,9.76,3526.28,3533.67
05:00:00,3610.609999999999,7.7250000000000005,3589.23,3631.99
06:00:00,3761.145,21.44,3701.74,3820.55
07:00:00,3980.23,26.084999999999997,3958.64,4001.82
08:00:00,4260.055,27.639999999999997,4160.25,4359.86
09:00:00,4573.485,33.63,4501.65,4645.32
10:00:00,4799.985000000001,14.505,4772.93,4827.04
11:00:00,4892.675,13.425000000000002,4891.03,4894.32
12:00:00,4743.425,13.31,4676.11,4810.74
13:00:00,4432.73,3.1799999999999997,4346.17,4519.29
14:00:00,4352.245,6.184999999999999,4327.8,4376.69
15:00:00,4226.71,4.955,4226.35,4227.07
16:00:00,4496.435,30.224999999999998,4373.83,4619.04
17:00:00,5125.820000000001,37.635,4949.44,5302.2
18:00:00,5756.829999999999,42.725,5700.11,5813.55
19:00:00,5672.639999999999,38.18,5578.32,5766.96
20:00:00,5360.795000000001,34.775,5295.79,5425.8
21:00:00,5108.155,28.400000000000002,5034.0,5182.31
22:00:00,4832.825000000001,34.73000000000001,4734.97,4930.68
23:00:00,4673.775,34.285000000000004,4628.34,4719.21
00:00:00,4616.54,36.254999999999995,4525.77,4707.31
01:00:00,4287.990000000001,31.965,4193.18,4382.8
02:00:00,3914.445,28.205000000000002,3831.32,3997.57
03:00:00,3717.135,9.514999999999999,3676.38,3757.89
04:00:00,3625.2050000000004,19.580000000000002,3624.04,3626.37
05:00:00,3670.4249999999997,27.47,3652.39,3688.46
06:00:00,3824.7149999999997,31.915000000000003,3757.77,3891.66
07:00:00,4091.7999999999997,34.699999999999996,4052.12,4131.48
08:00:00,4376.09,37.605000000000004,4299.67,4452.51
09:00:00,4516.625000000001,37.93,4511.19,4522.06
10:00:00,4336.650000000001,11.705,4265.65,4407.65
11:00:00,3960.6,7.1049999999999995,3893.55,4027.65
12:00:00,3828.7599999999998,12.635,3815.7,3841.82
13:00:00,3888.1299999999997,5.57,3840.55,3935.71
14:00:00,4162.2,25.564999999999998,4069.76,4254.64
15:00:00,4516.6,25.209999999999997,4441.18,4592.02
16:00:00,4737.745,32.230000000000004,4688.31,4787.18
17:00:00,5420.425,112.63499999999999,5189.72,5651.13
18:00:00,5997.59,56.53,5952.53,6042.65
19:00:00,5850.655,59.535,5739.52,5961.79
20:00:00,5353.1,46.629999999999995,5250.36,5455.84
21:00:00,5179.185,43.24,5178.26,5180.11
22:00:00,4920.735,40.02,4817.77,5023.7
23:00:00,4761.844999999999,40.365,4711.25,4812.44
00:00:00,5280.034999999999,69.40499999999999,5164.69,5395.38
01:00:00,4871.855,60.14000000000001,4805.19,4938.52
02:00:00,4447.740000000001,44.995000000000005,4364.9,4530.58
03:00:00,4199.505,40.19499999999999,4133.34,4265.67
04:00:00,4063.97,39.145,4060.59,4067.35
05:00:00,4078.9249999999997,36.779999999999994,4039.46,4118.39
06:00:00,4217.794999999999,37.0,4137.74,4297.85
07:00:00,4511.325,37.63,4479.45,4543.2
08:00:00,4871.7300000000005,39.665,4778.35,4965.11
09:00:00,4819.700000000001,38.385,4648.97,4990.43
10:00:00,4374.04,35.214999999999996,4298.57,4449.51
11:00:00,3906.9,14.075000000000001,3779.75,4034.05
12:00:00,3582.1800000000003,14.04,3540.38,3623.98
13:00:00,3562.28,18.26,3549.42,3575.14
14:00:00,3593.53,23.13,3586.38,3600.68
15:00:00,3756.2900000000004,27.725000000000005,3666.54,3846.04
16:00:00,4308.624999999999,35.43,4138.11,4479.14
17:00:00,5131.635000000001,57.33499999999999,4884.69,5378.58
18:00:00,5903.714999999999,80.40499999999999,5825.65,5981.78
19:00:00,5836.669999999999,69.39999999999999,5768.48,5904.86
20:00:00,5559.505,67.11,5511.79,5607.22
21:00:00,5362.400000000001,58.68000000000001,5309.79,5415.01
22:00:00,5144.355,49.01,5062.17,5226.54
23:00:00,5036.1849999999995,62.309999999999995,4972.66,5099.71
00:00:00,4978.9800000000005,55.585,4883.7,5074.26
01:00:00,4633.565,52.330000000000005,4559.4,4707.73
02:00:00,4301.380000000001,43.115,4223.08,4379.68
03:00:00,4078.82,39.455000000000005,4040.72,4116.92
04:00:00,3955.7100000000005,42.575,3953.67,3957.75
05:00:00,3995.3999999999996,47.43,3972.0,4018.8
06:00:00,4143.065,42.580000000000005,4081.33,4204.8
07:00:00,4370.94,53.18000000000001,4335.6,4406.28
08:00:00,4662.624999999999,52.339999999999996,4606.7,4718.55
09:00:00,4705.78,39.964999999999996,4675.85,4735.71
10:00:00,4410.555,39.93999999999999,4320.11,4501.0
11:00:00,3997.81,29.409999999999993,3906.83,4088.79
12:00:00,3732.0899999999997,27.340000000000003,3699.3,3764.88
13:00:00,3625.3300000000004,30.115,3624.9,3625.76
14:00:00,3664.6,31.3,3639.03,3690.17
15:00:00,3873.715,32.294999999999995,3793.9,3953.53
16:00:00,4370.1449999999995,39.105,4206.6,4533.69
17:00:00,5226.44,52.805,4992.23,5460.65
18:00:00,6028.79,104.245,5946.47,6111.11
19:00:00,5939.334999999999,62.82,5860.6,6018.07
20:00:00,5681.8550000000005,51.18,5618.84,5744.87
21:00:00,5442.955,42.004999999999995,5368.84,5517.07
22:00:00,5084.889999999999,41.315,4981.78,5188.0
23:00:00,4869.650000000001,39.005,4821.79,4917.51
00:00:00,5114.829999999999,52.745000000000005,5023.03,5206.63
01:00:00,4707.23,49.309999999999995,4621.62,4792.84
02:00:00,4325.7,42.1,4219.96,4431.44
03:00:00,4040.905,37.415000000000006,3989.2,4092.61
04:00:00,3912.2149999999997,33.41,3901.98,3922.45
05:00:00,3952.2549999999997,35.4,3919.58,3984.93
06:00:00,4131.085,35.940000000000005,4043.5,4218.67
07:00:00,4381.07,38.254999999999995,4354.52,4407.62
08:00:00,4700.759999999999,50.135,4610.03,4791.49
09:00:00,4923.535,55.745,4882.59,4964.48
10:00:00,4956.995,47.805,4945.9,4968.09
11:00:00,4820.4800000000005,39.625,4786.34,4854.62
12:00:00,4727.7300000000005,34.935,4701.88,4753.58
13:00:00,4636.885000000001,35.83,4610.55,4663.22
14:00:00,4690.505,33.315000000000005,4687.91,4693.1
15:00:00,4829.16,36.32,4745.74,4912.58
16:00:00,5110.275000000001,36.294999999999995,5038.1,5182.45
17:00:00,5543.259999999999,37.16499999999999,5415.9,5670.62
18:00:00,5951.2,45.645,5948.89,5953.51
19:00:00,5710.035,41.82999999999999,5622.13,5797.94
20:00:00,5403.830000000001,41.84499999999999,5326.76,5480.9
21:00:00,5091.695,37.565000000000005,5036.14,5147.25
22:00:00,4849.575,35.07,4768.85,4930.3
23:00:00,4723.11,34.965,4651.38,4794.84
00:00:00,4718.524999999999,36.005,4633.49,4803.56
01:00:00,4342.254999999999,37.71,4246.53,4437.98
02:00:00,3980.8600000000006,26.039999999999996,3871.38,4090.34
03:00:00,3693.42,4.8500000000000005,3661.11,3725.73
04:00:00,3619.1650000000004,11.78,3615.56,3622.77
05:00:00,3608.0800000000004,19.694999999999997,3606.96,3609.2
06:00:00,3698.85,19.815,3621.43,3776.27
07:00:00,3934.0899999999997,33.839999999999996,3895.47,3972.71
08:00:00,4197.245000000001,32.03000000000001,4100.27,4294.22
09:00:00,4434.95,34.835,4424.22,4445.68
10:00:00,4382.099999999999,33.98499999999999,4337.46,4426.74
11:00:00,4252.22,29.09,4240.89,4263.55
12:00:00,4325.490000000001,33.135,4312.35,4338.63
13:00:00,4354.065,32.81,4313.85,4394.28
14:00:00,4443.474999999999,33.32,4441.67,4445.28
15:00:00,4546.205,35.15500000000001,4519.91,4572.5
16:00:00,4853.380000000001,40.059999999999995,4739.43,4967.33
17:00:00,5466.415000000001,57.00000000000001,5281.18,5651.65
18:00:00,6086.454999999999,106.52999999999999,6075.88,6097.03
19:00:00,5885.695,55.60500000000001,5795.38,5976.01
20:00:00,5562.295000000001,57.110000000000014,5476.09,5648.5
21:00:00,5315.944999999999,51.9,5247.03,5384.86
22:00:00,5021.435,38.339999999999996,4948.22,5094.65
23:00:00,4857.205000000001,37.1,4794.1,4920.31
00:00:00,4723.185,35.85,4599.68,4846.69
01:00:00,4347.275,32.10999999999999,4266.12,4428.43
02:00:00,3952.0049999999997,13.735000000000001,3868.02,4035.99
03:00:00,3698.9900000000002,3.375,3646.86,3751.12
04:00:00,3639.725,2.2600000000000002,3637.28,3642.17
05:00:00,3692.64,4.315,3645.75,3739.53
06:00:00,3892.89,13.155000000000001,3806.37,3979.41
07:00:00,4254.200000000001,15.475,4198.57,4309.83
08:00:00,4539.81,22.534999999999997,4454.65,4624.97
09:00:00,4611.125,19.92,4571.66,4650.59
10:00:00,4204.414999999999,8.854999999999999,4090.85,4317.98
11:00:00,3714.0550000000003,-0.6699999999999999,3605.67,3822.44
12:00:00,3414.3300000000004,-8.42,3389.08,3439.58
13:00:00,3355.6150000000002,-6.89,3340.51,3370.72
14:00:00,3533.845,7.815,3424.3,3643.39
15:00:00,3887.545,19.61,3814.18,3960.91
16:00:00,4242.63,31.939999999999998,4108.85,4376.41
17:00:00,4877.160000000001,41.945,4682.64,5071.68
18:00:00,5516.57,56.98,5493.0,5540.14
19:00:00,5342.365000000001,39.41499999999999,5272.01,5412.72
20:00:00,5050.915,34.029999999999994,4989.67,5112.16
21:00:00,4761.15,32.629999999999995,4701.78,4820.52
22:00:00,4539.714999999999,27.670000000000005,4463.3,4616.13
23:00:00,4439.615000000001,23.495,4381.1,4498.13
00:00:00,4447.595,31.89,4346.0,4549.19
01:00:00,4129.514999999999,30.295000000000005,4086.94,4172.09
02:00:00,3808.69,17.929999999999996,3715.5,3901.88
03:00:00,3634.67,17.99,3600.59,3668.75
04:00:00,3498.22,9.85,3492.43,3504.01
05:00:00,3539.3850000000007,12.719999999999999,3508.01,3570.76
06:00:00,3698.405,28.230000000000004,3644.01,3752.8
07:00:00,3905.9499999999994,32.85,3869.6,3942.3
08:00:00,4164.08,34.714999999999996,4089.27,4238.89
09:00:00,4323.89,37.105000000000004,4307.64,4340.14
10:00:00,4128.665000000001,34.89,4032.33,4225.0
11:00:00,3791.515,27.069999999999997,3722.43,3860.6
12:00:00,3659.4149999999995,16.95,3653.64,3665.19
13:00:00,3719.0,8.78,3673.72,3764.28
14:00:00,3925.705,15.020000000000001,3839.75,4011.66
15:00:00,4256.249999999999,30.915000000000003,4138.56,4373.94
16:00:00,4640.025000000001,35.53,4535.78,4744.27
17:00:00,5248.395,64.415,5046.71,5450.08
18:00:00,5741.005,52.95000000000001,5717.04,5764.97
19:00:00,5449.03,38.099999999999994,5371.15,5526.91
20:00:00,5201.56,34.86499999999999,5136.11,5267.01
21:00:00,4878.08,34.335,4793.25,4962.91
22:00:00,4532.46,28.01,4439.08,4625.84
23:00:00,4363.085,14.524999999999999,4291.7,4434.47
00:00:00,5494.405,54.4,5384.45,5604.36
01:00:00,5142.685,42.725,5056.73,5228.64
02:00:00,4766.625,42.265,4684.9,4848.35
03:00:00,4456.16,40.355000000000004,4412.49,4499.83
04:00:00,4353.94,38.88,4343.42,4364.46
05:00:00,4355.5599999999995,38.559999999999995,4314.07,4397.05
06:00:00,4533.54,40.775,4450.94,4616.14
07:00:00,4817.495,46.0,4774.09,4860.9
08:00:00,5241.695,50.97,5118.57,5364.82
09:00:00,5560.274999999999,59.555,5523.06,5597.49
10:00:00,5469.55,59.53000000000001,5414.54,5524.56
11:00:00,5276.299999999999,47.98499999999999,5206.12,5346.48
12:00:00,5111.435,42.445,5107.18,5115.69
13:00:00,5119.915,40.865,5103.49,5136.34
14:00:00,5196.47,50.370000000000005,5179.52,5213.42
15:00:00,5293.410000000001,51.004999999999995,5229.1,5357.72
16:00:00,5614.56,74.43,5506.09,5723.03
17:00:00,6108.2,71.58500000000001,5982.69,6233.71
18:00:00,6423.704999999999,60.214999999999996,6413.91,6433.5
19:00:00,6212.495,52.775,6117.56,6307.43
20:00:00,5865.690000000001,53.76,5799.83,5931.55
21:00:00,5590.97,54.330000000000005,5545.36,5636.58
22:00:00,5294.185,55.47,5173.93,5414.44
23:00:00,5128.655,55.965,5054.53,5202.78
00:00:00,5107.61,57.415,5015.27,5199.95
01:00:00,4748.38,48.0,4669.96,4826.8
02:00:00,4416.05,41.81,4345.61,4486.49
03:00:00,4157.0599999999995,36.160000000000004,4106.78,4207.34
04:00:00,4044.27,34.545,4017.03,4071.51
05:00:00,4020.03,34.345,3994.89,4045.17
06:00:00,4159.679999999999,33.12,4106.47,4212.89
07:00:00,4378.43,38.925000000000004,4343.43,4413.43
08:00:00,4706.635000000001,40.57,4594.12,4819.15
09:00:00,5003.375,43.16,4953.49,5053.26
10:00:00,4974.395,43.995000000000005,4924.61,5024.18
11:00:00,4798.1900000000005,40.02,4769.31,4827.07
12:00:00,4748.31,38.905,4735.85,4760.77
13:00:00,4725.724999999999,38.21,4724.28,4727.17
14:00:00,4707.540000000001,47.89000000000001,4655.43,4759.65
15:00:00,4875.875,47.11000000000001,4823.9,4927.85
16:00:00,5218.214999999999,54.629999999999995,5110.11,5326.32
17:00:00,5871.955000000001,125.815,5680.51,6063.4
18:00:00,6360.660000000001,90.925,6351.92,6369.4
19:00:00,6231.919999999999,68.14,6165.53,6298.31
20:00:00,5927.13,53.755,5856.03,5998.23
21:00:00,5691.110000000001,54.32,5629.87,5752.35
22:00:00,5385.384999999999,53.59,5291.07,5479.7
23:00:00,5266.4800000000005,48.095,5211.14,5321.82
00:00:00,5196.675,51.199999999999996,5116.4,5276.95
01:00:00,4866.005,43.25000000000001,4795.88,4936.13
02:00:00,4495.514999999999,42.82,4413.94,4577.09
03:00:00,4298.334999999999,44.669999999999995,4267.67,4329.0
04:00:00,4210.464999999999,42.59,4186.89,4234.04
05:00:00,4234.169999999999,46.525,4187.85,4280.49
06:00:00,4463.849999999999,43.63,4379.28,4548.42
07:00:00,4824.675,45.04500000000001,4767.88,4881.47
08:00:00,5246.325,47.27,5126.1,5366.55
09:00:00,5473.12,49.004999999999995,5463.78,5482.46
10:00:00,5253.54,42.45,5157.7,5349.38
11:00:00,4816.685,39.665,4727.36,4906.01
12:00:00,4607.420000000001,40.68,4589.33,4625.51
13:00:00,4612.615000000001,41.69,4585.69,4639.54
14:00:00,4721.420000000001,43.435,4653.12,4789.72
15:00:00,5029.594999999999,54.995000000000005,4931.32,5127.87
16:00:00,5515.599999999999,89.23500000000001,5373.36,5657.84
17:00:00,6202.29,167.88,6020.2,6384.38
18:00:00,6789.655,176.13,6783.53,6795.78
19:00:00,6637.5,76.175,6520.05,6754.95
20:00:00,6314.634999999999,62.145,6231.24,6398.03
21:00:00,6000.385000000001,73.86999999999999,5922.47,6078.3
22:00:00,5609.54,56.88999999999999,5492.0,5727.08
23:00:00,5372.96,49.06499999999999,5327.21,5418.71
00:00:00,5148.815,39.5,5044.16,5253.47
01:00:00,4739.705,36.56499999999999,4644.82,4834.59
02:00:00,4312.945000000001,18.539999999999996,4229.45,4396.44
03:00:00,3996.9250000000006,4.154999999999999,3913.26,4080.59
04:00:00,3839.14,4.92,3814.27,3864.01
05:00:00,3859.285,13.83,3821.1,3897.47
06:00:00,4112.81,20.74,4002.35,4223.27
07:00:00,4440.224999999999,26.61,4385.49,4494.96
08:00:00,4888.989999999999,32.855,4763.61,5014.37
09:00:00,5191.485000000001,35.239999999999995,5144.43,5238.54
10:00:00,5165.130000000001,36.294999999999995,5142.83,5187.43
11:00:00,5103.905,35.065,5101.24,5106.57
12:00:00,5083.415,35.50000000000001,5079.63,5087.2
13:00:00,5067.05,38.25,5062.15,5071.95
14:00:00,5046.245,37.900000000000006,5043.91,5048.58
15:00:00,5017.185,35.49,4981.85,5052.52
16:00:00,5199.97,36.155,5134.28,5265.66
17:00:00,5595.244999999999,38.71,5442.0,5748.49
18:00:00,5953.625,41.045,5926.63,5980.62
19:00:00,5641.954999999999,35.34499999999999,5549.3,5734.61
20:00:00,5338.34,34.10999999999999,5253.4,5423.28
21:00:00,5089.875,33.60999999999999,5044.76,5134.99
22:00:00,4840.009999999999,31.774999999999995,4752.73,4927.29
23:00:00,4722.18,27.935,4618.03,4826.33
00:00:00,4748.925,31.275000000000006,4661.16,4836.69
01:00:00,4367.990000000001,22.47,4280.86,4455.12
02:00:00,3941.36,13.035000000000002,3851.85,4030.87
03:00:00,3679.6649999999995,6.319999999999999,3635.74,3723.59
04:00:00,3593.4999999999995,0.0,3572.62,3614.38
05:00:00,3646.61,12.549999999999999,3619.29,3673.93
06:00:00,3824.695,11.6,3748.17,3901.22
07:00:00,4026.11,17.095000000000002,4015.39,4036.83
08:00:00,4317.8949999999995,24.275000000000002,4182.49,4453.3
09:00:00,4524.969999999999,25.76,4512.37,4537.57
10:00:00,4249.93,24.42,4148.9,4350.96
11:00:00,3933.75,13.015,3856.36,4011.14
12:00:00,3807.9500000000007,8.87,3798.08,3817.82
13:00:00,3919.715,9.33,3855.62,3983.81
14:00:00,4074.0950000000007,14.629999999999997,3991.47,4156.72
15:00:00,4489.47,31.385,4371.4,4607.54
16:00:00,5021.565000000001,32.355000000000004,4890.8,5152.33
17:00:00,5596.2,47.225,5425.54,5766.86
18:00:00,6008.249999999999,66.675,5980.85,6035.65
19:00:00,5797.124999999999,38.685,5702.67,5891.58
20:00:00,5448.78,34.995,5358.12,5539.44
21:00:00,5159.065,34.49,5091.53,5226.6
22:00:00,4791.355,15.854999999999999,4665.44,4917.27
23:00:00,4584.035,10.225,4539.09,4628.98
00:00:00,4762.599999999999,34.315,4651.14,4874.06
01:00:00,4387.275,28.815,4315.46,4459.09
02:00:00,4062.2850000000003,25.060000000000002,3978.06,4146.51
03:00:00,3767.6200000000003,15.359999999999998,3708.28,3826.96
04:00:00,3665.3500000000004,12.475000000000001,3634.31,3696.39
05:00:00,3703.295,16.1,3680.62,3725.97
06:00:00,3914.145,24.235000000000003,3833.1,3995.19
07:00:00,4237.16,37.00000000000001,4189.73,4284.59
08:00:00,4629.465,46.18,4508.93,4750.0
09:00:00,4813.05,39.24999999999999,4810.54,4815.56
10:00:00,4631.595,35.724999999999994,4569.84,4693.35
11:00:00,4335.830000000001,31.054999999999996,4304.51,4367.15
12:00:00,4132.55,27.330000000000002,4089.55,4175.55
13:00:00,4055.0049999999997,29.345000000000002,4032.03,4077.98
14:00:00,4085.8500000000004,29.74,4059.16,4112.54
15:00:00,4245.629999999999,30.845,4177.48,4313.78
16:00:00,4679.57,38.14,4559.24,4799.9
17:00:00,5285.82,45.55500000000001,5101.48,5470.16
18:00:00,5840.400000000001,51.275,5828.03,5852.77
19:00:00,5692.545000000001,41.385000000000005,5617.58,5767.51
20:00:00,5454.865,39.005,5405.07,5504.66
21:00:00,5233.205000000001,37.82,5178.76,5287.65
22:00:00,5055.889999999999,38.37,4990.28,5121.5
23:00:00,4973.695000000001,36.115,4906.96,5040.43
00:00:00,4947.87,37.495000000000005,4878.07,5017.67
01:00:00,4642.755,35.195,4587.23,4698.28
02:00:00,4321.150000000001,29.78,4259.76,4382.54
03:00:00,4085.5849999999996,11.53,4035.96,4135.21
04:00:00,3963.97,19.514999999999997,3951.62,3976.32
05:00:00,3957.185,18.845,3941.3,3973.07
06:00:00,4089.725,25.955,4031.54,4147.91
07:00:00,4324.174999999999,30.269999999999996,4278.91,4369.44
08:00:00,4720.995,36.839999999999996,4592.86,4849.13
09:00:00,5107.175,44.29,5033.1,5181.25
10:00:00,5265.215,46.565,5257.98,5272.45
11:00:00,5148.505,38.46,5129.14,5167.87
12:00:00,5104.115,32.39000000000001,5100.21,5108.02
13:00:00,5109.760000000001,27.395,5102.39,5117.13
14:00:00,5135.909999999999,33.48,5112.95,5158.87
15:00:00,5222.3,38.184999999999995,5193.44,5251.16
16:00:00,5478.535,41.00000000000001,5402.7,5554.37
17:00:00,5992.485000000001,50.23,5804.6,6180.37
18:00:00,6503.7300000000005,57.294999999999995,6503.61,6503.85
19:00:00,6302.61,49.254999999999995,6219.96,6385.26
20:00:00,5993.575000000001,42.995000000000005,5914.08,6073.07
21:00:00,5699.990000000001,39.355,5621.63,5778.35
22:00:00,5319.315,36.68,5208.78,5429.85
23:00:00,5091.745,34.25,5038.95,5144.54
00:00:00,5424.570000000001,59.07999999999999,5319.43,5529.71
01:00:00,5053.695,43.855,4993.48,5113.91
02:00:00,4736.42,38.885,4640.61,4832.23
03:00:00,4474.865000000001,35.315000000000005,4441.04,4508.69
04:00:00,4362.165,33.57,4356.28,4368.05
05:00:00,4388.8,35.98,4345.74,4431.86
06:00:00,4574.820000000001,33.115,4479.63,4670.01
07:00:00,4911.14,37.08,4847.63,4974.65
08:00:00,5365.349999999999,43.365,5258.06,5472.64
09:00:00,5629.155,44.29999999999999,5613.67,5644.64
10:00:00,5423.19,40.53,5352.25,5494.13
11:00:00,4990.96,33.690000000000005,4906.23,5075.69
12:00:00,4749.29,29.224999999999998,4737.65,4760.93
13:00:00,4842.514999999999,31.785,4809.86,4875.17
14:00:00,4950.97,35.745000000000005,4918.12,4983.82
15:00:00,5052.065,35.474999999999994,4994.44,5109.69
16:00:00,5434.065,49.915,5298.78,5569.35
17:00:00,6074.27,59.46,5876.75,6271.79
18:00:00,6606.259999999999,121.28999999999998,6604.61,6607.91
19:00:00,6494.795000000001,77.69000000000001,6421.51,6568.08
20:00:00,6230.575,56.635,6163.35,6297.8
21:00:00,5945.2699999999995,49.76,5882.35,6008.19
22:00:00,5691.410000000001,48.345,5606.22,5776.6
23:00:00,5531.925,40.15,5481.96,5581.89
00:00:00,5478.954999999999,43.055,5395.1,5562.81
01:00:00,5114.005,39.335,5032.27,5195.74
02:00:00,4741.250000000001,37.29,4659.63,4822.87
03:00:00,4486.495,34.605000000000004,4451.28,4521.71
04:00:00,4375.37,31.895,4360.95,4389.79
05:00:00,4374.920000000001,31.334999999999997,4346.8,4403.04
06:00:00,4533.875000000001,30.630000000000006,4459.78,4607.97
07:00:00,4822.81,35.595000000000006,4763.49,4882.13
08:00:00,5274.459999999999,39.88,5124.23,5424.69
09:00:00,5582.415,41.165,5568.54,5596.29
10:00:00,5404.255,38.755,5318.95,5489.56
11:00:00,4977.575,32.910000000000004,4868.19,5086.96
12:00:00,4559.830000000001,26.819999999999997,4482.95,4636.71
13:00:00,4359.580000000001,23.7,4341.45,4377.71
14:00:00,4348.885,25.235,4326.43,4371.34
15:00:00,4574.825000000001,29.24,4480.39,4669.26
16:00:00,5131.56,41.86000000000001,4958.06,5305.06
17:00:00,6044.89,102.27999999999999,5786.72,6303.06
18:00:00,6853.95,156.86999999999998,6794.08,6913.82
19:00:00,6756.43,83.65999999999998,6697.87,6814.99
20:00:00,6516.235000000001,56.779999999999994,6442.51,6589.96
21:00:00,6209.305,44.24,6131.22,6287.39
22:00:00,5804.900000000001,39.165,5683.08,5926.72
23:00:00,5503.974999999999,34.470000000000006,5462.56,5545.39
00:00:00,5438.9800000000005,44.615,5313.32,5564.64
01:00:00,5007.05,41.6,4928.41,5085.69
02:00:00,4620.13,37.95499999999999,4533.4,4706.86
03:00:00,4389.3550000000005,31.035,4358.0,4420.71
04:00:00,4269.785000000001,31.775000000000002,4250.54,4289.03
05:00:00,4268.85,18.605,4249.09,4288.61
06:00:00,4474.3949999999995,33.714999999999996,4392.36,4556.43
07:00:00,4751.150000000001,44.04999999999999,4690.1,4812.2
08:00:00,5235.959999999999,52.714999999999996,5080.25,5391.67
09:00:00,5617.755,64.11,5566.73,5668.78
10:00:00,5656.82,57.135,5637.98,5675.66
11:00:00,5462.404999999999,44.24,5429.98,5494.83
12:00:00,5352.55,47.105,5325.01,5380.09
13:00:00,5111.7,40.12,5066.2,5157.2
14:00:00,5079.4800000000005,38.545,5070.03,5088.93
15:00:00,5244.17,47.324999999999996,5180.34,5308.0
16:00:00,5536.79,56.839999999999996,5436.35,5637.23
17:00:00,5983.565,51.07,5853.81,6113.32
18:00:00,6302.830000000001,68.325,6299.76,6305.9
19:00:00,6101.165000000001,65.86,6024.51,6177.82
20:00:00,5793.12,64.995,5710.51,5875.73
21:00:00,5446.325,64.16499999999999,5383.91,5508.74
22:00:00,5189.03,62.96000000000001,5105.36,5272.7
23:00:00,5066.91,64.19000000000001,4995.33,5138.49
00:00:00,4998.53,61.169999999999995,4895.12,5101.94
01:00:00,4634.97,55.56,4558.98,4710.96
02:00:00,4261.035000000001,46.629999999999995,4179.06,4343.01
03:00:00,4022.14,27.084999999999997,3972.86,4071.42
04:00:00,3848.305,10.69,3823.87,3872.74
05:00:00,3831.3399999999997,21.790000000000003,3816.7,3845.98
06:00:00,3959.8700000000003,32.31,3906.66,4013.08
07:00:00,4206.2,37.11000000000001,4152.83,4259.57
08:00:00,4533.525000000001,42.949999999999996,4429.65,4637.4
09:00:00,4809.805,41.695,4750.84,4868.77
10:00:00,4917.474999999999,45.224999999999994,4909.65,4925.3
11:00:00,4892.775000000001,47.345,4867.75,4917.8
12:00:00,4923.075,42.540000000000006,4908.2,4937.95
13:00:00,4885.96,43.629999999999995,4880.69,4891.23
14:00:00,4933.549999999999,41.69499999999999,4920.07,4947.03
15:00:00,5058.04,59.06999999999999,5000.92,5115.16
16:00:00,5398.77,57.65,5328.57,5468.97
17:00:00,5938.575000000001,71.3,5760.77,6116.38
18:00:00,6486.995,71.365,6476.52,6497.47
19:00:00,6263.98,60.61000000000001,6178.81,6349.15
20:00:00,5918.645,59.199999999999996,5824.05,6013.24
21:00:00,5568.165,68.02000000000001,5499.17,5637.16
22:00:00,5208.705000000001,63.665,5106.51,5310.9
23:00:00,5007.329999999999,64.25500000000001,4946.49,5068.17
00:00:00,5234.895,54.82,5123.38,5346.41
01:00:00,4873.66,59.555,4790.34,4956.98
02:00:00,4533.61,69.02,4435.87,4631.35
03:00:00,4301.274999999999,59.699999999999996,4286.42,4316.13
04:00:00,4199.889999999999,53.09,4192.17,4207.61
05:00:00,4254.259999999999,44.115,4220.97,4287.55
06:00:00,4407.26,45.535000000000004,4337.18,4477.34
07:00:00,4712.37,60.71999999999999,4638.54,4786.2
08:00:00,5160.57,63.92000000000001,5045.49,5275.65
09:00:00,5598.905,79.48,5515.04,5682.77
10:00:00,5738.73,74.66499999999999,5719.09,5758.37
11:00:00,5782.21,72.63000000000001,5774.86,5789.56
12:00:00,5825.305,86.665,5792.02,5858.59
13:00:00,5867.134999999999,109.325,5854.56,5879.71
14:00:00,5880.59,141.865,5863.95,5897.23
15:00:00,5844.794999999999,88.8,5836.19,5853.4
16:00:00,5961.715,68.83,5908.04,6015.39
17:00:00,6345.660000000001,56.56499999999999,6236.85,6454.47
18:00:00,6665.240000000001,176.485,6659.56,6670.92
19:00:00,6420.850000000001,107.46,6328.33,6513.37
20:00:00,6054.445,88.705,5987.98,6120.91
21:00:00,5760.47,78.8,5698.47,5822.47
22:00:00,5431.87,82.895,5331.07,5532.67
23:00:00,5233.239999999999,78.81500000000001,5180.29,5286.19
00:00:00,5203.030000000002,73.235,5113.01,5293.05
01:00:00,4789.56,77.80499999999999,4700.33,4878.79
02:00:00,4407.599999999999,65.24999999999999,4319.41,4495.79
03:00:00,4131.595,71.27499999999999,4079.57,4183.62
04:00:00,3993.4649999999997,57.055,3969.16,4017.77
05:00:00,3942.77,48.495000000000005,3928.97,3956.57
06:00:00,4056.2200000000007,41.3,4005.63,4106.81
07:00:00,4239.8550000000005,45.995000000000005,4206.4,4273.31
08:00:00,4558.685,48.85,4448.1,4669.27
09:00:00,4856.900000000001,49.315,4806.03,4907.77
10:00:00,4921.14,64.61,4904.67,4937.61
11:00:00,4870.96,52.615,4849.89,4892.03
12:00:00,4739.8099999999995,41.555,4705.3,4774.32
13:00:00,4724.645,49.095,4687.09,4762.2
14:00:00,4791.159999999999,49.555,4789.04,4793.28
15:00:00,4986.375,57.404999999999994,4899.18,5073.57
16:00:00,5411.69,71.92,5307.03,5516.35
17:00:00,5962.28,79.17500000000001,5824.54,6100.02
18:00:00,6421.205000000001,104.125,6399.4,6443.01
19:00:00,6206.014999999999,61.33500000000001,6102.2,6309.83
20:00:00,5871.09,64.22999999999999,5785.4,5956.78
21:00:00,5545.775000000001,63.675000000000004,5471.63,5619.92
22:00:00,5204.195,62.89499999999998,5114.3,5294.09
23:00:00,5001.030000000001,51.589999999999996,4959.59,5042.47
00:00:00,5365.239999999999,48.574999999999996,5219.67,5510.81
01:00:00,4933.724999999999,44.96,4848.21,5019.24
02:00:00,4596.275000000001,40.08,4495.61,4696.94
03:00:00,4308.464999999999,35.71,4274.53,4342.4
04:00:00,4216.179999999999,31.350000000000005,4202.74,4229.62
05:00:00,4220.509999999999,27.705,4187.31,4253.71
06:00:00,4399.685,32.47,4298.21,4501.16
07:00:00,4782.845,37.81,4730.78,4834.91
08:00:00,5269.33,44.225,5146.34,5392.32
09:00:00,5420.69,44.11000000000001,5410.5,5430.88
10:00:00,5213.93,41.615,5122.35,5305.51
11:00:00,4957.474999999999,35.535000000000004,4923.59,4991.36
12:00:00,4929.435,32.305,4886.67,4972.2
13:00:00,5125.005,39.294999999999995,5077.45,5172.56
14:00:00,5324.73,39.685,5274.07,5375.39
15:00:00,5475.425,43.155,5444.81,5506.04
16:00:00,5704.295000000001,45.800000000000004,5609.14,5799.45
17:00:00,6148.81,50.705000000000005,6018.69,6278.93
18:00:00,6601.605,70.55499999999999,6588.07,6615.14
19:00:00,6350.87,57.105,6235.34,6466.4
20:00:00,5963.919999999999,51.54,5877.05,6050.79
21:00:00,5648.579999999999,41.96,5571.94,5725.22
22:00:00,5286.11,41.629999999999995,5181.11,5391.11
23:00:00,5060.75,43.504999999999995,5032.26,5089.24
00:00:00,5000.589999999999,52.264999999999986,4906.96,5094.22
01:00:00,4646.25,40.095000000000006,4575.02,4717.48
02:00:00,4307.61,31.019999999999996,4235.03,4380.19
03:00:00,4070.0699999999993,24.905,4010.94,4129.2
04:00:00,3888.9949999999994,17.310000000000002,3856.39,3921.6
05:00:00,3877.8700000000003,20.905000000000005,3863.06,3892.68
06:00:00,3985.3600000000006,21.689999999999998,3913.96,4056.76
07:00:00,4221.490000000001,27.290000000000003,4167.58,4275.4
08:00:00,4575.695000000001,34.665,4472.69,4678.7
09:00:00,4798.56,32.41,4792.8,4804.32
10:00:00,4652.514999999999,19.794999999999998,4623.17,4681.86
11:00:00,4291.4,1.7250000000000003,4176.32,4406.48
12:00:00,3944.69,-8.875,3911.71,3977.67
13:00:00,3992.1299999999997,-5.325,3896.05,4088.21
14:00:00,4393.415,0.11,4341.16,4445.67
15:00:00,4695.825000000001,17.765,4603.18,4788.47
16:00:00,5169.07,27.125,5030.27,5307.87
17:00:00,5733.29,46.029999999999994,5572.91,5893.67
18:00:00,6343.214999999999,77.17,6301.36,6385.07
19:00:00,6197.37,57.445,6084.08,6310.66
20:00:00,5824.71,43.185,5745.72,5903.7
21:00:00,5488.095000000001,41.155,5404.26,5571.93
22:00:00,5115.5199999999995,37.080000000000005,5007.53,5223.51
23:00:00,4851.585,34.025,4823.6,4879.57
00:00:00,5467.47,75.355,5353.61,5581.33
01:00:00,5123.465000000001,70.615,5054.04,5192.89
02:00:00,4737.349999999999,63.9,4658.37,4816.33
03:00:00,4515.32,60.875,4471.41,4559.23
04:00:00,4422.3949999999995,59.425000000000004,4421.54,4423.25
05:00:00,4463.485,59.525,4407.63,4519.34
06:00:00,4703.849999999999,63.934999999999995,4610.24,4797.46
07:00:00,5057.135000000001,68.005,5007.96,5106.31
08:00:00,5474.365000000001,77.58,5376.01,5572.72
09:00:00,5725.329999999999,66.455,5672.61,5778.05
10:00:00,5638.490000000001,65.445,5570.64,5706.34
11:00:00,5310.195,58.714999999999996,5239.46,5380.93
12:00:00,5075.785000000001,62.25000000000001,5040.52,5111.05
13:00:00,5094.655,73.86,5048.14,5141.17
14:00:00,5144.175,63.155,5137.45,5150.9
15:00:00,5082.485,56.03,5067.68,5097.29
16:00:00,5259.860000000001,62.56,5158.57,5361.15
17:00:00,5847.080000000001,97.40500000000002,5659.85,6034.31
18:00:00,6598.679999999999,80.91000000000001,6471.23,6726.13
19:00:00,6618.565,134.85999999999999,6543.63,6693.5
20:00:00,6286.839999999999,74.82000000000001,6217.53,6356.15
21:00:00,5928.045000000001,74.635,5840.0,6016.09
22:00:00,5550.375,69.63499999999999,5436.77,5663.98
23:00:00,5291.825,60.44499999999999,5251.17,5332.48
00:00:00,5190.795000000001,65.06000000000002,5077.08,5304.51
01:00:00,4821.55,60.665,4731.82,4911.28
02:00:00,4493.549999999999,61.13,4416.12,4570.98
03:00:00,4226.185,54.44,4175.04,4277.33
04:00:00,4127.049999999999,51.09,4124.6,4129.5
05:00:00,4176.209999999999,55.065,4157.75,4194.67
06:00:00,4269.415,48.815,4219.97,4318.86
07:00:00,4504.425,48.615,4450.64,4558.21
08:00:00,4925.844999999999,71.915,4810.91,5040.78
09:00:00,5233.58,70.31499999999998,5163.34,5303.82
10:00:00,5401.69,77.08,5401.39,5401.99
11:00:00,5246.13,62.315,5180.75,5311.51
12:00:00,5132.5599999999995,70.34500000000001,5127.46,5137.66
13:00:00,4976.6050000000005,65.27999999999999,4966.22,4986.99
14:00:00,4961.54,62.654999999999994,4952.44,4970.64
15:00:00,5021.77,65.67,4980.59,5062.95
16:00:00,5276.2300000000005,73.65500000000002,5163.63,5388.83
17:00:00,5893.485,91.205,5674.26,6112.71
18:00:00,6609.595,138.035,6531.51,6687.68
19:00:00,6456.945000000001,75.805,6335.22,6578.67
20:00:00,6059.615000000001,70.92,5961.61,6157.62
21:00:00,5686.7300000000005,70.305,5617.4,5756.06
22:00:00,5269.985,67.44000000000001,5154.87,5385.1
23:00:00,5053.070000000001,57.13500000000001,5019.94,5086.2
00:00:00,5148.9400000000005,61.559999999999995,5075.11,5222.77
01:00:00,4797.455,48.875,4746.14,4848.77
02:00:00,4451.685,46.18,4383.36,4520.01
03:00:00,4157.61,43.285,4109.75,4205.47
04:00:00,4092.33,39.23,4089.98,4094.68
05:00:00,4085.3350000000005,34.4,4063.42,4107.25
06:00:00,4246.155,35.43,4165.95,4326.36
07:00:00,4555.095000000001,50.79,4484.43,4625.76
08:00:00,4921.5199999999995,50.645,4840.67,5002.37
09:00:00,5009.085,39.64,5008.27,5009.9
10:00:00,4771.299999999999,38.07,4664.78,4877.82
11:00:00,4255.13,29.97,4102.99,4407.27
12:00:00,3840.39,15.634999999999996,3769.18,3911.6
13:00:00,3683.515,17.86,3678.89,3688.14
14:00:00,3641.22,12.815,3637.63,3644.81
15:00:00,3795.7549999999997,23.69,3726.68,3864.83
16:00:00,4264.6900000000005,42.95000000000001,4129.34,4400.04
17:00:00,5009.21,78.97500000000001,4790.41,5228.01
18:00:00,5852.820000000001,68.36,5694.6,6011.04
19:00:00,5897.255,71.065,5818.07,5976.44
20:00:00,5635.005,74.97000000000001,5556.4,5713.61
21:00:00,5355.224999999999,64.725,5313.85,5396.6
22:00:00,5134.215,50.34,5053.77,5214.66
23:00:00,4989.71,56.365,4937.97,5041.45
00:00:00,4933.085,54.300000000000004,4830.5,5035.67
01:00:00,4602.490000000001,50.77,4534.06,4670.92
02:00:00,4300.214999999999,48.055,4234.99,4365.44
03:00:00,4093.66,40.195,4064.74,4122.58
04:00:00,4024.6399999999994,39.715,4015.67,4033.61
05:00:00,4024.15,41.405,4011.03,4037.27
06:00:00,4152.495,47.464999999999996,4089.18,4215.81
07:00:00,4359.134999999999,52.940000000000005,4335.88,4382.39
08:00:00,4614.120000000001,53.05500000000001,4555.68,4672.56
09:00:00,4632.304999999999,42.205000000000005,4599.64,4664.97
10:00:00,4368.6449999999995,38.625,4292.94,4444.35
11:00:00,3970.285,34.254999999999995,3873.71,4066.86
12:00:00,3736.4400000000005,32.06,3708.63,3764.25
13:00:00,3673.875,23.395,3658.65,3689.1
14:00:00,3724.47,25.75,3688.13,3760.81
15:00:00,3931.94,34.25,3832.06,4031.82
16:00:00,4358.985,42.755,4226.47,4491.5
17:00:00,5090.169999999999,49.055,4876.49,5303.85
18:00:00,5988.37,97.125,5834.7,6142.04
19:00:00,6047.000000000001,68.035,5960.58,6133.42
20:00:00,5760.509999999999,67.645,5682.67,5838.35
21:00:00,5485.12,62.715,5409.21,5561.03
22:00:00,5140.56,58.31999999999999,5046.59,5234.53
23:00:00,4922.67,51.475,4879.25,4966.09
00:00:00,5192.525000000001,44.300000000000004,5095.34,5289.71
01:00:00,4789.239999999999,41.395,4720.37,4858.11
02:00:00,4405.080000000001,37.35999999999999,4325.06,4485.1
03:00:00,4192.26,33.980000000000004,4167.59,4216.93
04:00:00,4088.645,31.355,4071.0,4106.29
05:00:00,4072.8050000000007,33.02,4046.55,4099.06
06:00:00,4229.965000000001,34.475,4162.37,4297.56
07:00:00,4496.38,41.050000000000004,4456.52,4536.24
08:00:00,4846.825,62.04,4721.71,4971.94
09:00:00,5220.139999999999,77.99,5165.75,5274.53
10:00:00,5374.72,69.01,5326.33,5423.11
11:00:00,5328.375,51.74000000000001,5305.91,5350.84
12:00:00,5264.91,55.495000000000005,5226.48,5303.34
13:00:00,5130.9,48.23,5074.53,5187.27
14:00:00,4966.469999999998,44.945,4917.24,5015.7
15:00:00,4856.87,42.395,4839.22,4874.52
16:00:00,5164.094999999999,48.839999999999996,5088.07,5240.12
17:00:00,5675.91,49.175000000000004,5513.25,5838.57
18:00:00,6245.040000000001,68.21,6167.1,6322.98
19:00:00,6160.6050000000005,60.57,6072.79,6248.42
20:00:00,5813.36,90.435,5708.36,5918.36
21:00:00,5470.700000000001,67.075,5404.15,5537.25
22:00:00,5154.84,59.339999999999996,5075.68,5234.0
23:00:00,4978.6050000000005,59.544999999999995,4934.67,5022.54
00:00:00,4949.255000000001,66.795,4851.51,5047.0
01:00:00,4550.009999999999,68.075,4475.85,4624.17
02:00:00,4176.55,48.135,4077.07,4276.03
03:00:00,3918.945,39.154999999999994,3887.56,3950.33
04:00:00,3811.785,36.815000000000005,3806.18,3817.39
05:00:00,3812.275,32.15,3790.32,3834.23
06:00:00,3928.09,31.899999999999995,3871.9,3984.28
07:00:00,4120.250000000001,36.705000000000005,4098.19,4142.31
08:00:00,4350.745,39.63999999999999,4293.06,4408.43
09:00:00,4500.844999999999,40.699999999999996,4459.66,4542.03
10:00:00,4526.075000000001,39.335,4508.56,4543.59
11:00:00,4433.315,36.615,4413.49,4453.14
12:00:00,4309.045000000001,30.605,4278.26,4339.83
13:00:00,4157.764999999999,35.830000000000005,4150.35,4165.18
14:00:00,4090.5800000000004,34.67,4050.76,4130.4
15:00:00,4097.645,40.175,4021.86,4173.43
16:00:00,4490.91,45.915,4349.9,4631.92
17:00:00,5253.165,50.595,5000.66,5505.67
18:00:00,6101.794999999999,60.97,5963.98,6239.61
19:00:00,6080.134999999999,56.43000000000001,5996.17,6164.1
20:00:00,5822.704999999999,50.51,5759.09,5886.32
21:00:00,5498.500000000001,52.19499999999999,5407.83,5589.17
22:00:00,5177.174999999999,45.675000000000004,5095.44,5258.91
23:00:00,5008.3949999999995,47.09,4963.79,5053.0
00:00:00,5142.18,74.24500000000002,5048.76,5235.6
01:00:00,4795.16,53.099999999999994,4746.84,4843.48
02:00:00,4478.735,52.35,4413.94,4543.53
03:00:00,4258.340000000001,53.50000000000001,4228.04,4288.64
04:00:00,4155.634999999999,48.089999999999996,4153.69,4157.58
05:00:00,4201.1849999999995,51.42000000000001,4188.09,4214.28
06:00:00,4347.525000000001,48.225,4288.12,4406.93
07:00:00,4585.16,60.775,4584.02,4586.3
08:00:00,4818.05,58.18,4779.71,4856.39
09:00:00,4795.565,53.050000000000004,4775.59,4815.54
10:00:00,4565.21,44.419999999999995,4497.78,4632.64
11:00:00,4313.21,40.52,4247.23,4379.19
12:00:00,4221.509999999999,41.85,4200.19,4242.83
13:00:00,4150.884999999999,42.489999999999995,4136.99,4164.78
14:00:00,4075.78,32.18,4042.02,4109.54
15:00:00,4157.320000000001,27.049999999999997,4104.67,4209.97
16:00:00,4537.239999999999,37.405,4414.45,4660.03
17:00:00,5178.825,52.779999999999994,5007.49,5350.16
18:00:00,5928.275000000001,64.51,5780.91,6075.64
19:00:00,5970.79,62.879999999999995,5888.14,6053.44
20:00:00,5618.485,62.09499999999999,5519.36,5717.61
21:00:00,5368.549999999999,61.68,5321.28,5415.82
22:00:00,5123.315,57.335,5036.19,5210.44
23:00:00,4968.25,57.58500000000001,4911.34,5025.16
00:00:00,4916.68,56.10999999999999,4810.68,5022.68
01:00:00,4574.05,55.67000000000001,4500.79,4647.31
02:00:00,4208.005,54.85999999999999,4124.54,4291.47
03:00:00,3951.475,44.895,3912.55,3990.4
04:00:00,3814.9750000000004,39.76499999999999,3796.04,3833.91
05:00:00,3798.905,45.72,3778.55,3819.26
06:00:00,3920.9499999999994,41.875,3859.73,3982.17
07:00:00,4075.9,54.5,4060.42,4091.38
08:00:00,4264.350000000001,42.415,4210.3,4318.4
09:00:00,4428.03,62.92499999999999,4384.49,4471.57
10:00:00,4558.815,58.99,4536.95,4580.68
11:00:00,4568.585,67.91999999999999,4556.16,4581.01
12:00:00,4548.759999999999,59.07,4513.6,4583.92
13:00:00,4415.145,60.33499999999999,4401.84,4428.45
14:00:00,4430.900000000001,45.169999999999995,4412.51,4449.29
15:00:00,4446.375000000001,41.44499999999999,4424.69,4468.06
16:00:00,4641.71,53.004999999999995,4554.94,4728.48
17:00:00,5190.599999999999,53.715,5010.11,5371.09
18:00:00,5890.55,102.22999999999998,5757.01,6024.09
19:00:00,5868.21,79.75500000000001,5798.37,5938.05
20:00:00,5551.655,65.04,5450.68,5652.63
21:00:00,5229.565,58.365,5138.17,5320.96
22:00:00,4934.34,59.125,4858.7,5009.98
23:00:00,4806.215,67.35000000000001,4733.25,4879.18
00:00:00,5251.81,51.455000000000005,5169.31,5334.31
01:00:00,4887.304999999999,43.51500000000001,4833.99,4940.62
02:00:00,4533.175,38.105,4442.41,4623.94
03:00:00,4216.399999999999,35.38,4178.49,4254.31
04:00:00,4079.44,32.769999999999996,4055.41,4103.47
05:00:00,4061.234999999999,30.285,4034.85,4087.62
06:00:00,4233.224999999999,35.080000000000005,4144.67,4321.78
07:00:00,4533.815,38.095,4497.92,4569.71
08:00:00,4869.38,43.36000000000001,4795.84,4942.92
09:00:00,5288.554999999999,45.665,5172.69,5404.42
10:00:00,5598.139999999999,77.47499999999998,5594.78,5601.5
11:00:00,5478.525000000001,56.555,5416.81,5540.24
12:00:00,5433.514999999999,39.82,5413.48,5453.55
13:00:00,5388.605,52.03,5344.73,5432.48
14:00:00,5761.82,77.625,5696.04,5827.6
15:00:00,5785.185,67.17999999999999,5775.49,5794.88
16:00:00,5887.69,49.504999999999995,5883.56,5891.82
17:00:00,6123.03,76.27,5989.5,6256.56
18:00:00,6680.425,91.70499999999998,6617.05,6743.8
19:00:00,6523.035,76.69999999999999,6429.63,6616.44
20:00:00,6125.79,69.72500000000001,6037.45,6214.13
21:00:00,5800.804999999999,66.20500000000001,5712.17,5889.44
22:00:00,5432.155,50.675000000000004,5318.68,5545.63
23:00:00,5158.31,48.199999999999996,5124.53,5192.09
00:00:00,5036.84,50.27,4937.66,5136.02
01:00:00,4664.320000000001,41.53999999999999,4582.29,4746.35
02:00:00,4297.64,35.865,4214.98,4380.3
03:00:00,4016.5249999999996,29.804999999999996,3986.03,4047.02
04:00:00,3870.935,26.16,3858.88,3882.99
05:00:00,3875.1200000000003,28.415000000000003,3856.82,3893.42
06:00:00,3987.935,36.165,3948.64,4027.23
07:00:00,4164.2,47.184999999999995,4120.36,4208.04
08:00:00,4463.17,64.755,4371.77,4554.57
09:00:00,4736.845,61.29,4690.97,4782.72
10:00:00,4860.54,47.225,4859.88,4861.2
11:00:00,4841.134999999999,45.565,4797.14,4885.13
12:00:00,4715.465,36.235,4701.35,4729.58
13:00:00,4640.725000000001,21.12,4624.15,4657.3
14:00:00,4559.239999999999,21.86,4553.2,4565.28
15:00:00,4601.37,27.16,4545.62,4657.12
16:00:00,4964.31,42.4,4843.61,5085.01
17:00:00,5653.09,83.895,5447.72,5858.46
18:00:00,6425.165,130.975,6285.21,6565.12
19:00:00,6480.525000000001,84.44000000000001,6390.41,6570.64
20:00:00,6100.915,72.395,6018.11,6183.72
21:00:00,5805.490000000001,66.43500000000002,5697.04,5913.94
22:00:00,5338.38,57.68,5218.35,5458.41
23:00:00,5025.185,60.61500000000001,4972.53,5077.84
00:00:00,5098.594999999998,57.00999999999999,4999.99,5197.2
01:00:00,4744.940000000001,41.355,4669.01,4820.87
02:00:00,4376.415,24.88,4271.03,4481.8
03:00:00,4084.6049999999996,10.175000000000002,4038.39,4130.82
04:00:00,3918.555,4.445,3911.55,3925.56
05:00:00,3931.83,9.14,3927.56,3936.1
06:00:00,4120.2300000000005,9.195,4011.15,4229.31
07:00:00,4365.174999999999,14.15,4343.68,4386.67
08:00:00,4400.46,15.600000000000001,4373.89,4427.03
09:00:00,4164.02,2.885,4070.01,4258.03
10:00:00,3702.5850000000005,-14.205,3586.9,3818.27
11:00:00,3326.5049999999997,-29.5,3289.6,3363.41
12:00:00,3156.61,-42.525,3122.32,3190.9
13:00:00,3062.31,-42.745000000000005,3054.77,3069.85
14:00:00,3072.535,-43.35,3067.53,3077.54
15:00:00,3231.36,-32.64,3180.87,3281.85
16:00:00,3593.6749999999997,-15.015,3469.82,3717.53
17:00:00,4296.155,21.84,4067.85,4524.46
18:00:00,5101.59,95.565,4933.76,5269.42
19:00:00,5381.065,52.705000000000005,5330.05,5432.08
20:00:00,5104.37,36.09,5028.08,5180.66
21:00:00,4829.3,30.51,4776.95,4881.65
22:00:00,4604.345,20.775,4544.06,4664.63
23:00:00,4499.655,14.405,4445.1,4554.21
00:00:00,4520.4349999999995,12.799999999999999,4420.28,4620.59
01:00:00,4155.450000000001,13.665,4078.65,4232.25
02:00:00,3794.9150000000004,-0.655,3706.86,3882.97
03:00:00,3557.955,0.0,3522.09,3593.82
04:00:00,3423.7350000000006,-11.87,3404.83,3442.64
05:00:00,3417.645,-23.615,3385.67,3449.62
06:00:00,3561.935,-9.374999999999998,3523.26,3600.61
07:00:00,3709.145,9.000000000000002,3701.56,3716.73
08:00:00,3807.4900000000002,0.875,3800.87,3814.11
09:00:00,3693.08,-24.73,3648.78,3737.38
10:00:00,3523.5650000000005,-31.039999999999996,3492.13,3555.0
11:00:00,3363.9150000000004,-38.300000000000004,3307.59,3420.24
12:00:00,3450.84,-26.345,3313.84,3587.84
13:00:00,3709.6499999999996,-14.780000000000001,3676.89,3742.41
14:00:00,3844.2599999999998,-2.8300000000000005,3804.72,3883.8
15:00:00,4049.355000000001,9.86,3979.15,4119.56
16:00:00,4418.05,11.265,4296.54,4539.56
17:00:00,4980.695000000001,40.84,4823.44,5137.95
18:00:00,5481.974999999999,47.315000000000005,5381.95,5582.0
19:00:00,5382.305000000001,44.63999999999999,5280.97,5483.64
20:00:00,5099.45,36.050000000000004,5044.86,5154.04
21:00:00,4861.739999999999,32.71,4794.87,4928.61
22:00:00,4608.345,29.064999999999998,4528.43,4688.26
23:00:00,4501.245000000001,33.355,4426.02,4576.47
